StudentID,Age,Gender,Ethnicity,ParentalEducation,StudyTimeWeekly,Absences,Tutoring,ParentalSupport,Extracurricular
1001,17,1,0,2,19.833722807854713,7,1,2,0
1002,18,0,0,1,15.40875605584674,0,0,1,0
1003,15,0,2,3,4.21056976881226,26,0,2,0
1004,17,1,0,3,10.028829473958215,14,0,3,1
1005,17,1,0,2,4.6724952729713305,17,1,3,0
1006,18,0,0,1,8.191218545250186,0,0,1,1
1007,15,0,1,1,15.601680474699295,10,0,3,0
1008,15,1,1,4,15.424496305808074,22,1,1,1
1009,17,0,0,0,4.562007558047703,1,0,2,0
1010,16,1,0,1,18.444466363097202,0,0,3,1
1011,17,0,0,1,11.851363655296536,11,0,1,0
1012,17,0,0,1,7.59848581924029,15,0,2,0
1013,17,0,1,1,10.038711615617213,21,0,3,1
1014,17,0,1,2,12.101425068754875,21,0,4,0
1015,18,1,0,1,11.197810636915708,9,1,2,0
1016,15,0,0,2,9.728100710723563,17,1,0,0
1017,18,0,3,1,10.098656081788002,14,0,2,1
1018,18,1,0,0,3.5282382085577235,16,1,2,0
1019,18,0,1,3,16.25465808609359,29,0,2,1
1020,17,0,0,1,10.835206398820308,9,0,2,0
1021,16,1,0,3,2.621597234094062,2,0,3,0
1022,15,0,0,2,15.323142031655559,25,0,1,1
1023,16,1,1,0,18.648879567547016,29,1,1,0
1024,18,1,3,4,18.94613798473924,20,0,2,1
1025,18,1,0,1,7.380354648223455,15,0,2,0
1026,16,1,0,3,2.7103374712150807,5,0,4,0
1027,16,0,0,1,10.367992532661303,2,0,2,0
1028,16,1,0,3,2.2521845869844137,8,0,3,0
1029,18,0,0,0,18.679748370252344,10,0,3,1
1030,18,0,0,2,3.67159254710292,20,0,3,1
1031,15,0,2,2,5.055317199023282,12,1,0,0
1032,15,0,0,3,8.132730537699409,17,0,4,0
1033,18,0,0,3,7.663289371182516,25,0,1,0
1034,16,0,3,3,15.89325784795778,21,0,0,1
1035,16,0,0,3,9.126336411019247,27,1,2,1
1036,15,0,3,1,3.415365200066738,23,0,1,0
1037,18,0,0,1,5.344197909721482,26,1,1,0
1038,15,0,2,1,10.18226770375044,21,1,1,0
1039,15,1,1,1,2.949078348522698,3,1,1,1
1040,17,1,2,1,12.233113512920282,21,1,3,1
1041,17,1,3,2,11.314946131022918,23,1,1,0
1042,17,0,0,1,14.294046327645153,7,0,2,0
1043,16,1,3,2,18.754092307587353,12,1,4,0
1044,18,1,0,1,18.245091222023113,9,0,2,0
1045,18,1,0,1,18.921512361376628,1,1,3,1
1046,18,0,0,2,4.894311940474019,7,0,4,0
1047,18,0,1,2,2.6313061327870924,5,0,1,1
1048,17,0,0,2,6.04553400992897,15,0,2,0
1049,16,0,1,2,17.90170345532629,17,0,3,0
1050,16,1,1,1,19.441069492469765,16,0,4,1
1051,17,1,2,2,17.18649902140952,5,0,3,0
1052,16,1,2,0,2.200354422550872,12,1,1,1
1053,17,1,0,1,18.948559961195862,22,0,4,0
1054,18,0,0,2,8.46716054701572,13,0,1,0
1055,17,0,0,0,0.18620581524707358,29,1,2,1
1056,18,0,0,1,8.847874814963872,25,0,2,0
1057,18,1,0,4,0.9213833935093518,20,0,2,0
1058,15,0,0,4,10.87755842322235,29,0,3,1
1059,17,0,0,1,6.771080548741026,9,1,3,0
1060,15,1,3,0,9.468698671880976,23,0,3,0
1061,17,1,1,1,12.26340721486234,10,0,0,1
1062,17,0,0,1,17.376021916356407,12,0,2,0
1063,15,0,1,3,13.238031529438572,11,0,3,0
1064,15,0,0,1,8.680977369563614,8,0,2,0
1065,17,0,0,2,16.388557073407302,3,1,4,0
1066,16,0,1,1,18.111642751462643,6,1,3,1
1067,18,0,0,4,2.3951993286439444,23,0,3,0
1068,15,1,0,1,10.638659551055829,28,0,0,0
1069,18,1,3,2,5.690239194848883,21,1,3,0
1070,16,1,2,1,0.941223957538948,1,0,4,0
1071,16,0,1,2,13.370933902279706,6,0,2,1
1072,16,1,1,1,17.255415549184512,28,0,3,0
1073,15,0,1,1,3.258053089547881,8,0,2,1
1074,16,0,0,3,16.24827315247801,4,1,2,0
1075,15,1,0,3,17.067914670738833,14,0,3,1
1076,16,0,0,3,18.28680885332967,17,0,3,0
1077,18,0,0,2,5.305701781721048,3,0,3,0
1078,18,1,1,3,18.079061303797786,18,1,1,1
1079,17,1,0,0,6.413255094728645,19,0,1,0
1080,18,1,3,1,11.046760269110056,25,0,3,0
1081,17,0,3,1,1.0101494166456426,6,0,1,0
1082,18,1,2,2,0.8776217673748721,25,0,2,0
1083,15,1,1,1,14.407464254644058,7,0,0,1
1084,18,0,2,1,8.88959955955582,16,0,1,0
1085,17,1,0,2,5.125847507384352,12,0,3,1
1086,17,1,2,3,3.808269920498204,23,0,3,0
1087,16,1,0,1,13.399069817184362,20,1,1,1
1088,15,0,2,1,0.008030880506797455,27,0,1,0
1089,18,0,0,1,16.117823383937086,22,0,0,1
1090,16,0,2,1,1.5849921225985764,10,0,2,0
1091,18,0,3,1,3.829792298162389,26,0,1,0
1092,18,1,0,2,7.724727905981792,0,0,2,1
1093,16,0,0,2,9.697174794322072,1,1,3,0
1094,16,0,3,2,7.099902316278836,16,1,3,0
1095,16,1,0,1,6.414243299685878,4,0,1,1
1096,16,1,2,3,19.278320241463767,29,0,3,0
1097,16,1,1,1,12.831593624867885,29,0,4,0
1098,18,0,0,2,0.46865910734776417,5,0,2,0
1099,16,0,0,3,8.603518168886264,25,0,2,1
1100,15,0,0,1,17.500173994879404,24,0,2,0
1101,17,1,2,1,6.029123728213359,23,1,1,1
1102,16,1,0,3,1.8911268954877647,6,0,3,1
1103,16,0,1,1,15.167695431798355,27,0,3,1
1104,18,1,0,2,12.120276638721625,20,1,2,0
1105,16,1,1,0,11.406250156530078,29,0,3,1
1106,16,1,2,2,1.0715311921481585,14,0,3,0
1107,16,0,3,1,2.8099801959103465,18,0,0,1
1108,18,1,0,0,12.450987924262275,15,0,1,0
1109,16,1,2,2,4.156476829176716,24,1,3,1
1110,17,0,2,1,10.081401594968487,12,1,4,0
1111,18,0,1,1,10.89763372058787,4,1,3,0
1112,17,1,3,0,5.670143805418788,2,1,4,0
1113,18,1,0,1,18.968503110829857,2,0,2,0
1114,16,0,0,1,16.8492821367115,18,1,1,0
1115,17,0,2,0,14.44747015265597,13,1,2,0
1116,18,1,0,3,1.5598773281881817,15,0,0,0
1117,15,1,2,0,2.122600386180389,21,0,3,1
1118,16,1,2,2,9.855626917299114,16,0,4,0
1119,18,1,0,1,3.2142669838197135,26,0,3,0
1120,15,0,2,1,19.56530927058948,3,0,2,1
1121,18,1,0,3,3.170404680548189,12,1,1,1
1122,15,1,1,1,9.74935670927948,7,1,1,0
1123,16,0,1,4,7.282421136830108,18,0,2,0
1124,17,1,3,1,12.787728429081959,4,0,3,0
1125,15,0,0,2,2.5807281777884983,1,1,2,1
1126,18,1,0,2,8.606328560847817,14,0,4,1
1127,16,1,1,3,5.494100656142873,1,0,3,1
1128,15,0,2,2,17.75503049343376,10,1,1,0
1129,18,0,1,2,0.8117142426939017,12,1,1,1
1130,18,1,0,1,18.274549880129186,22,1,3,0
1131,18,1,0,1,16.65988277106001,9,0,1,0
1132,15,1,0,3,5.951414328816309,2,0,3,0
1133,15,0,2,1,15.785813093542094,4,1,2,0
1134,15,1,0,1,0.6242712067749512,2,0,1,1
1135,17,0,0,2,19.33731100586787,5,1,2,1
1136,15,0,3,1,10.531898851795788,12,0,2,1
1137,15,1,0,4,6.065620521308905,9,0,3,0
1138,15,0,3,2,7.2516642518935415,18,0,0,1
1139,17,1,1,2,1.3281070692099473,7,0,3,1
1140,15,1,2,3,19.786990280840783,17,1,3,0
1141,18,1,0,0,0.7858389030138491,2,0,3,1
1142,15,1,0,1,13.098142462957181,23,1,0,1
1143,18,1,2,2,8.854718554129166,23,1,3,0
1144,18,0,2,1,18.978324363774302,16,0,2,1
1145,18,0,2,2,4.919994806135904,7,1,2,1
1146,17,1,0,3,10.641736478760226,9,0,3,1
1147,17,1,2,2,9.64712417165506,1,1,2,1
1148,17,0,2,1,14.057328881002027,11,0,3,0
1149,15,0,1,4,1.3602046390484102,22,0,1,1
1150,18,0,2,2,3.875782600467097,5,0,3,1
1151,17,0,2,2,4.291296401856997,1,0,1,0
1152,17,1,1,1,14.763015096833794,20,1,3,0
1153,15,1,0,3,3.7827739265348015,22,0,4,1
1154,17,0,0,2,11.469835277819534,23,0,2,0
1155,15,1,0,2,4.304876410019074,2,0,2,1
1156,16,0,0,3,17.232499001679567,16,1,3,1
1157,17,1,0,1,18.84370908979277,28,0,0,0
1158,16,0,0,2,10.369859498844809,6,0,2,0
1159,15,1,0,3,7.046177684183565,28,0,2,0
1160,18,0,0,1,4.681155500349982,20,0,3,0
1161,17,0,2,2,0.9956200304608753,4,1,3,1
1162,15,1,3,3,5.370001523949908,22,1,3,0
1163,18,0,0,2,13.084715598906358,0,1,3,0
1164,18,1,3,2,10.672338626184217,7,0,3,1
1165,16,1,1,3,18.880825565618547,11,1,2,1
1166,15,0,0,3,7.925545249834012,13,0,2,0
1167,18,1,0,1,13.87726684656789,15,1,2,1
1168,17,1,1,0,9.786454949502428,9,0,4,0
1169,17,1,2,2,10.251524318484233,14,0,3,1
1170,16,1,2,2,5.35548629208235,20,0,2,0
1171,18,1,0,2,9.099015536839994,23,0,3,0
1172,15,0,0,2,9.415699940254145,25,0,2,1
1173,17,1,0,1,14.132850434978678,14,1,3,0
1174,18,1,0,2,18.81279998372228,9,0,2,0
1175,18,1,0,1,6.586425549650086,20,1,1,1
1176,16,1,0,2,0.8440093716259689,27,0,3,1
1177,17,1,2,2,9.925902510012794,6,0,3,0
1178,17,0,3,1,10.889226642983372,25,1,2,1
1179,15,1,0,1,3.368811022638305,2,0,2,1
1180,17,0,3,2,15.209292125521333,1,0,3,1
1181,15,0,0,2,19.698582168829834,5,1,3,0
1182,17,0,0,1,18.915494340169218,20,0,3,1
1183,16,0,0,4,3.9421207764730437,8,0,2,1
1184,17,1,1,2,17.507264798015214,9,1,4,1
1185,15,0,3,4,14.089872728233694,3,0,3,0
1186,15,0,1,2,9.076931276138232,26,1,3,1
1187,16,1,0,2,10.812219886494582,2,0,3,0
1188,17,1,1,3,16.99200349964916,8,0,1,1
1189,17,1,0,2,9.602698792767463,23,0,0,1
1190,16,0,2,2,7.464147382102537,21,1,3,0
1191,17,1,1,1,9.864949860519715,16,0,2,0
1192,17,1,0,2,11.582596080700982,13,1,3,0
1193,15,0,1,1,3.781553075566977,9,0,2,1
1194,17,1,1,1,18.018154605339813,12,0,2,0
1195,17,1,0,0,13.483738976592276,11,1,1,1
1196,16,1,1,0,12.665378346749778,26,0,3,1
1197,16,1,0,4,1.9899245236127627,0,0,1,1
1198,18,0,2,1,12.083478763451836,27,0,3,1
1199,15,1,2,2,2.4192132447698467,21,0,2,0
1200,17,1,2,3,1.573953503907981,28,0,3,1
1201,17,0,1,2,10.546217912847865,18,0,1,0
1202,18,1,1,1,8.055710680929899,18,0,1,0
1203,17,0,0,2,11.776205403124465,5,0,3,0
1204,15,1,2,2,1.7844433611447719,12,0,2,1
1205,18,0,0,2,8.619661256945168,18,0,1,1
1206,15,0,0,2,3.4957343009031594,12,1,4,0
1207,18,0,0,4,19.74200171848233,26,1,1,1
1208,18,0,0,2,11.223004248703488,25,0,2,1
1209,16,1,1,1,13.748737218817347,21,0,1,0
1210,15,0,0,2,6.508365613652156,20,1,2,1
1211,17,1,2,0,1.894778295586883,3,0,2,0
1212,17,0,0,3,19.517417255670733,23,0,1,0
1213,15,0,0,1,5.7251807076636645,1,0,3,1
1214,17,0,1,1,8.476163703471485,14,1,2,0
1215,17,1,0,3,12.9972784340515,11,0,3,0
1216,15,0,0,2,0.4939459537222257,29,1,1,1
1217,18,1,2,1,16.205182610345737,26,1,2,1
1218,15,1,0,2,10.731563800572406,6,0,0,1
1219,18,1,2,3,5.564343741376443,19,1,3,0
1220,17,1,0,1,1.232159705849385,17,0,3,0
1221,17,1,0,3,3.2499683094888288,22,0,3,1
1222,17,1,2,0,17.900677177068737,12,0,2,0
1223,16,1,0,2,13.72048447871782,16,0,3,0
1224,18,1,0,3,4.998034432737796,3,0,3,0
1225,16,1,0,1,1.3120152989005907,24,0,0,1
1226,16,0,0,2,13.812306247732726,13,0,1,0
1227,15,0,2,1,11.448154519355302,19,0,2,0
1228,16,0,0,2,8.090390489164701,27,0,3,0
1229,15,0,2,2,7.272228983801277,12,1,0,0
1230,15,0,2,2,4.336285518582166,2,0,3,0
1231,16,1,0,1,13.392225130750353,25,0,2,0
1232,18,1,3,1,19.41336055587741,25,0,2,0
1233,18,1,0,0,3.514304916736517,17,0,1,0
1234,18,1,3,1,11.942332400310068,13,0,2,0
1235,18,1,0,2,8.483701114919524,14,0,0,0
1236,18,1,1,3,8.933774434893298,2,0,0,0
1237,16,1,0,2,5.082945602556288,0,0,3,0
1238,16,0,0,2,16.50269751322838,25,1,2,0
1239,17,0,1,4,9.705112082944822,23,1,2,0
1240,18,0,2,2,10.868117043965281,16,0,1,1
1241,16,0,0,3,6.095218255946515,2,1,2,0
1242,17,1,0,2,3.636169313338995,13,0,0,1
1243,18,1,2,1,1.7182077640564097,2,0,2,0
1244,15,1,1,0,14.282382818498318,12,1,2,0
1245,17,0,3,2,3.9246856337571123,14,0,2,1
1246,16,1,2,1,13.801507083775954,17,0,4,0
1247,15,1,3,1,7.8075289209390775,13,0,2,0
1248,15,1,2,2,8.315496019793029,20,0,2,1
1249,15,0,0,2,9.383549921855433,25,0,2,0
1250,17,1,0,2,7.354170162550863,2,0,1,0
1251,16,0,2,1,2.0123995444518017,18,0,3,0
1252,15,0,1,1,6.192636200056915,7,0,2,1
1253,18,0,0,2,13.274687213878769,3,1,1,1
1254,15,0,0,4,13.31568802937742,3,0,3,0
1255,15,1,3,2,5.724486144799887,18,1,0,0
1256,17,0,1,3,9.20205253115376,10,0,4,1
1257,17,0,0,2,3.8689445602387496,0,1,3,0
1258,16,1,0,2,4.2074416305967155,7,1,2,0
1259,18,1,0,1,0.46094176813214816,14,0,1,1
1260,17,0,0,2,17.934930998154893,0,0,1,0
1261,15,1,0,2,4.214133301498125,6,0,1,1
1262,16,0,0,2,4.550677538729266,20,1,1,1
1263,15,0,2,2,5.592028652902636,19,0,2,1
1264,15,0,0,2,2.54816143390858,19,0,4,0
1265,17,0,2,1,12.785257663627256,23,0,2,0
1266,16,1,2,2,1.5028590635517314,10,1,3,0
1267,18,0,0,1,2.6840485265270053,26,0,3,0
1268,18,1,1,3,12.895134531801858,28,0,3,0
1269,17,1,0,1,6.793212409628855,13,0,0,0
1270,17,1,2,0,14.158956534023782,21,1,2,0
1271,16,1,0,2,11.148494893402841,15,0,3,0
1272,18,0,1,2,5.120423461230262,13,0,3,0
1273,18,1,1,2,13.016559009786562,11,0,4,0
1274,18,0,0,1,2.325473605857613,16,0,3,0
1275,15,1,0,2,10.728207661600608,13,1,1,0
1276,18,1,1,1,8.742962100900693,9,0,2,1
1277,15,0,2,3,5.357471656348816,23,0,0,1
1278,16,0,0,3,12.080099954790002,28,1,3,0
1279,15,0,1,2,17.42667184680565,13,1,2,0
1280,16,1,0,1,19.978093995261535,17,0,3,0
1281,18,1,2,2,12.15525537486849,21,0,4,0
1282,18,0,0,0,8.094117486583404,8,1,3,0
1283,16,0,2,2,4.5041420043240326,16,0,2,1
1284,17,0,0,1,5.141921787902235,5,1,1,0
1285,16,0,0,3,9.589099562995314,7,1,3,1
1286,17,1,0,0,7.3455540256141845,25,0,1,0
1287,15,0,0,2,18.276290452498884,12,1,1,0
1288,15,0,1,2,7.365909353114191,17,0,1,0
1289,15,0,0,2,7.468891822908709,4,0,2,1
1290,18,0,2,0,7.67069024867954,5,0,1,0
1291,15,1,0,4,16.732404207353163,20,1,4,0
1292,17,0,0,2,13.015766416938037,18,0,4,1
1293,15,1,0,2,12.283377006377854,3,0,4,0
1294,16,0,0,1,6.6828604476772435,6,1,0,0
1295,16,0,0,2,16.35808353664879,3,0,4,0
1296,18,1,0,2,0.7672772271140227,24,0,4,0
1297,16,0,0,0,17.415943446762263,10,1,4,0
1298,17,1,0,1,10.254997995878592,11,1,3,0
1299,15,1,1,3,7.965004697268256,13,1,3,0
1300,18,0,1,1,9.943345614353714,12,1,1,0
1301,15,1,0,1,13.348310610676622,28,0,3,1
1302,15,1,0,2,0.2553085303579472,9,0,0,1
1303,17,1,3,2,17.431037129164956,17,0,2,0
1304,16,1,1,0,8.934790506227856,15,0,4,0
1305,16,1,1,2,6.859330394001564,4,0,2,0
1306,15,1,0,1,2.764911312681142,7,1,1,0
1307,18,1,2,0,8.789307487168843,13,0,4,0
1308,16,1,2,0,9.926455425687577,4,0,4,0
1309,18,0,1,3,8.072933889869557,25,0,1,1
1310,16,0,3,1,13.573201876537942,27,0,3,0
1311,18,1,0,0,8.41793057518452,23,0,2,1
1312,17,0,0,2,19.228351556931468,7,0,2,0
1313,18,1,2,3,11.985550356471837,24,0,1,0
1314,17,1,2,1,16.14955871303818,25,0,0,0
1315,17,0,0,2,2.187118062189577,5,1,1,0
1316,18,1,0,0,7.9458258589181145,15,1,0,0
1317,17,1,0,2,6.736954028943054,27,0,4,0
1318,15,1,0,2,11.389647762731837,3,1,3,1
1319,17,1,2,2,17.222270401228513,11,0,3,0
1320,16,0,1,1,1.5667643552401334,10,0,3,0
1321,18,1,0,1,1.4514959608942157,2,0,1,1
1322,15,1,0,1,17.00635416315198,11,0,4,1
1323,18,1,0,1,4.257001720767148,29,1,3,1
1324,16,0,0,0,13.375065088996275,4,0,2,0
1325,16,1,1,2,10.857562647216103,5,1,1,0
1326,16,0,3,4,16.657871897744588,18,0,3,0
1327,17,0,2,4,2.5017781967280706,17,0,3,0
1328,17,1,0,3,2.5956593144522255,15,1,3,0
1329,18,1,2,2,11.13636720556615,22,0,0,0
1330,18,0,2,2,18.92757306716742,10,0,1,1
1331,15,1,2,1,8.299955167415085,4,0,2,1
1332,15,0,0,2,6.538842005093899,8,0,3,0
1333,18,0,0,2,12.133786463957716,2,0,0,0
1334,17,1,0,2,18.608972010900622,29,0,2,0
1335,16,1,0,2,16.738556656892474,7,0,2,0
1336,18,0,0,1,19.909672214664397,5,0,3,0
1337,15,0,0,1,0.4513716640475418,3,0,2,1
1338,17,0,0,3,2.2571628942552446,11,0,2,0
1339,18,0,2,0,12.18935526733244,11,0,3,0
1340,18,1,0,2,16.411528786676996,24,0,4,0
1341,17,1,0,3,5.704886846135331,20,0,1,1
1342,18,1,3,2,4.784221760684375,15,0,1,1
1343,17,1,3,2,15.739515987624017,9,0,4,1
1344,16,1,2,1,1.1276370770646316,21,0,2,0
1345,17,0,3,1,7.387652951651702,13,0,3,0
1346,17,1,1,3,10.116184451846594,12,0,3,0
1347,17,1,3,2,11.206973487006469,8,0,1,0
1348,18,1,0,2,14.572303135855538,6,0,3,1
1349,18,1,0,0,7.096914468613164,11,0,3,0
1350,17,1,0,0,12.253686893492144,4,0,2,0
1351,18,0,0,4,11.707508455819127,17,0,0,0
1352,15,0,0,1,10.952322013074943,3,0,4,0
1353,15,0,1,2,12.809665862844245,1,0,2,0
1354,18,1,2,0,5.188983421361526,2,1,3,0
1355,18,0,1,2,1.6929750716925795,25,0,3,0
1356,17,0,0,3,2.3854334407948685,11,1,2,0
1357,16,1,2,2,4.491647653078021,2,1,3,1
1358,18,1,1,1,10.003958710455706,3,0,4,0
1359,15,1,0,2,16.808855010920404,5,0,2,0
1360,17,0,1,2,14.025866841767682,11,0,2,0
1361,18,0,0,2,15.780812084040942,18,0,4,1
1362,15,1,0,3,7.019512478521827,9,0,1,1
1363,15,1,3,2,8.093074832971004,29,1,0,0
1364,16,0,0,3,7.8736377198122565,0,1,4,0
1365,17,0,0,2,3.8374636880900304,16,0,3,1
1366,17,1,2,1,1.2243331628714405,15,0,4,1
1367,16,1,2,1,11.818321856544536,8,0,0,0
1368,16,0,0,1,19.784333668411723,24,1,1,0
1369,17,1,0,3,3.3365940990052567,20,1,1,0
1370,17,0,0,2,0.9336963979854751,8,1,3,1
1371,18,0,1,2,15.590633636478659,26,0,3,0
1372,18,0,0,1,5.051720133694484,22,0,2,0
1373,16,0,0,1,16.59287610705857,8,0,0,0
1374,18,1,3,2,14.078733340690308,11,0,3,0
1375,15,1,1,2,18.91347074101609,22,1,2,1
1376,18,0,0,1,8.178544715133441,8,1,1,1
1377,18,0,1,2,13.239396789012684,14,0,4,0
1378,15,0,1,0,9.297095616265414,1,0,1,1
1379,16,0,0,1,12.61177394617087,10,0,3,0
1380,15,0,0,2,8.991978120154746,10,1,3,1
1381,18,1,2,1,3.7726449284814967,7,0,2,1
1382,16,1,0,4,10.157948320067618,22,0,1,1
1383,18,1,1,1,10.571684028748846,5,0,2,1
1384,15,1,0,1,16.21207696520322,20,0,3,0
1385,15,0,0,1,14.710414115871624,19,1,1,1
1386,18,0,0,2,13.275832478828882,6,0,3,0
1387,17,0,0,2,2.2677419110514507,2,0,4,0
1388,17,0,0,2,14.4123258132743,7,0,4,0
1389,15,0,0,0,10.006103127090295,17,0,2,0
1390,15,1,2,0,17.881990722123184,16,0,3,1
1391,17,0,3,2,18.397418682610855,10,0,4,0
1392,17,1,2,3,1.1031318120357092,1,0,2,1
1393,18,1,2,3,16.412831207089575,24,1,1,1
1394,18,1,0,0,0.7539478084534124,20,0,1,1
1395,17,1,3,2,7.343392513900453,26,0,1,0
1396,18,0,0,3,10.845999512421582,23,0,3,0
1397,18,1,3,1,2.962015972542549,18,0,2,0
1398,16,1,3,3,14.926276251381536,6,0,3,0
1399,18,1,2,1,0.16709408344277143,17,1,3,1
1400,15,0,3,3,3.3719809686807367,7,0,3,1
1401,18,0,1,2,11.615936597069513,13,0,3,0
1402,18,0,0,3,14.287751240745848,6,0,0,1
1403,17,1,0,2,18.332862053878323,27,0,3,0
1404,15,1,1,1,14.109933038692477,20,0,2,0
1405,18,0,0,3,13.435585405097319,27,0,2,0
1406,18,1,1,1,7.886822927013286,26,0,0,0
1407,16,0,3,1,0.025688510536028275,3,0,4,1
1408,18,0,0,2,2.403185174712439,16,0,4,1
1409,18,1,2,2,10.691090895120784,4,0,2,1
1410,16,1,3,3,13.502597716888394,11,0,2,0
1411,17,1,3,1,8.34896567792925,8,0,3,0
1412,18,1,3,2,14.613580230567804,25,0,1,0
1413,16,0,1,2,10.437245906643575,19,1,1,1
1414,15,0,3,0,1.4835239118862442,12,0,3,0
1415,17,0,2,1,3.8403250193589766,24,0,1,0
1416,15,0,0,1,16.799964464878858,27,0,2,1
1417,15,0,0,1,14.49825493248879,17,1,2,1
1418,16,1,2,4,17.8952397402499,19,1,2,1
1419,18,0,0,2,2.3511449824187314,8,0,1,1
1420,16,0,1,2,19.80445069230148,3,0,2,0
1421,16,0,1,4,4.188134278998672,20,1,2,0
1422,16,1,0,1,0.2355975257328402,26,0,2,0
1423,16,1,1,3,19.948458781071082,7,0,3,0
1424,17,1,2,2,5.621477708902263,0,1,4,0
1425,18,1,0,3,13.360389050251198,16,0,1,0
1426,15,0,0,1,3.533646283526104,24,0,3,1
1427,15,0,0,3,11.604570643982834,8,1,1,0
1428,18,1,0,1,18.080699729091187,19,0,2,0
1429,15,1,3,1,6.403623348568772,12,0,2,1
1430,18,0,0,2,13.405079520887185,1,0,2,0
1431,15,0,1,1,3.75807177596833,12,0,3,1
1432,16,1,0,2,12.495907974374505,8,0,2,1
1433,15,1,0,2,6.729007036350203,29,0,2,1
1434,18,1,2,2,4.224165171759033,19,0,3,0
1435,18,1,2,1,6.263641014072703,5,1,1,1
1436,18,0,0,0,3.576821370155987,27,0,1,0
1437,18,0,0,1,18.038322156757655,0,1,0,1
1438,18,0,0,2,7.943737726342577,27,1,1,0
1439,17,1,0,1,4.905586099487347,24,0,2,0
1440,17,1,1,1,8.968156820318658,4,0,2,1
1441,15,0,0,1,6.4107233361299105,2,1,1,0
1442,18,0,0,0,14.88838507626652,3,0,0,1
1443,15,0,0,2,19.424398237709887,0,0,3,0
1444,18,0,3,3,8.760673133952936,13,0,3,1
1445,18,1,3,1,17.220667999444807,8,1,4,1
1446,17,0,0,2,11.31726147119239,29,0,4,0
1447,17,0,2,2,3.1447133018846696,23,0,4,0
1448,16,0,0,2,13.812454841626831,3,0,3,1
1449,17,0,0,2,10.268689942516403,17,1,3,1
1450,16,0,2,2,13.01213046504207,13,0,1,0
1451,16,0,3,2,17.7937482514333,24,0,3,1
1452,16,0,3,0,8.808691413120922,3,0,0,0
1453,16,1,1,2,18.023552464347112,24,0,3,0
1454,16,1,0,2,15.013380285633097,9,0,2,0
1455,15,1,2,0,9.772098517559694,2,0,3,1
1456,17,1,0,1,12.064442713159274,22,0,0,1
1457,16,0,1,4,6.511622650380229,6,1,2,0
1458,18,1,0,2,19.671945994775484,9,0,2,0
1459,17,1,1,2,13.34702326100792,12,0,1,1
1460,17,0,0,3,0.8769370499325979,3,1,2,0
1461,16,0,0,2,6.532438114960176,17,0,0,1
1462,15,1,3,2,12.46628867518115,10,0,2,0
1463,16,1,0,2,1.126665555984796,24,1,2,0
1464,15,0,1,3,0.47768382638285534,3,0,3,0
1465,18,1,0,2,9.000484790556051,23,0,2,1
1466,17,0,0,2,6.6538035938534,13,0,2,1
1467,18,0,0,1,8.765972160663317,17,0,4,0
1468,15,0,0,4,5.253866197600104,7,0,2,0
1469,15,0,2,2,3.2943549388596183,26,1,2,0
1470,18,1,0,0,13.782867139606754,9,0,2,1
1471,15,0,3,3,10.29142232535601,4,0,3,1
1472,18,0,1,2,4.003084224987337,22,0,2,1
1473,17,1,0,0,6.391788525199966,6,1,2,1
1474,18,0,1,2,11.836158153266519,11,1,3,1
1475,17,1,1,2,1.444586965449557,24,0,0,0
1476,18,1,2,3,2.949060185323591,2,1,3,0
1477,15,1,0,1,1.4649120821478023,25,1,2,1
1478,18,0,0,3,16.246346654282377,3,0,2,0
1479,15,1,2,2,15.048184664240186,9,0,3,0
1480,18,1,3,0,15.066258637585141,3,0,1,0
1481,18,0,2,4,14.32650686952056,14,1,3,0
1482,16,1,0,2,13.387708473397383,28,1,4,0
1483,15,1,2,1,9.5398383075635,9,0,2,0
1484,16,1,0,2,12.8455632701423,20,0,4,0
1485,15,1,0,3,0.767231095759493,29,0,0,0
1486,16,1,0,1,12.429288453135692,21,1,3,0
1487,17,0,1,1,15.557554110737543,15,1,2,1
1488,18,1,0,1,10.007167207687804,14,0,2,0
1489,15,1,0,1,7.150266568544739,18,0,1,1
1490,15,0,2,2,5.5485346960195825,28,0,2,1
1491,18,0,0,2,12.85604100324165,19,1,1,1
1492,15,0,0,1,13.856023972598175,18,0,4,1
1493,15,1,0,1,17.41935199725085,17,0,3,0
1494,16,0,3,1,6.846681649219814,25,1,1,0
1495,15,1,1,3,15.395446147711711,11,0,1,1
1496,17,1,0,1,11.227116483786759,24,1,3,0
1497,17,0,2,4,17.656729813561583,15,0,2,0
1498,18,0,2,2,10.556242165912415,0,0,1,0
1499,15,1,0,1,10.352596567959345,15,1,2,1
1500,18,0,1,3,11.557541628818182,1,0,2,0
1501,17,1,2,2,14.986307102848688,23,0,1,0
1502,15,0,1,2,19.293809576569217,14,0,3,1
1503,15,0,0,4,1.471267084315313,6,0,3,1
1504,18,0,2,0,1.0686920478203432,27,0,0,0
1505,17,1,1,0,18.75100674814677,0,1,4,1
1506,15,0,0,2,10.597512510364123,4,1,2,0
1507,18,1,0,1,12.298060291338722,9,1,1,1
1508,17,1,0,1,9.648472031894578,21,0,1,0
1509,18,1,0,0,1.8731490521494898,20,1,1,0
1510,16,1,2,0,15.36178756837333,3,1,2,1
1511,15,0,0,2,14.944492901771739,13,0,1,0
1512,16,1,0,1,6.23406642985624,12,0,2,0
1513,17,1,1,2,6.124784904568008,0,0,1,1
1514,16,0,0,2,16.75682761811037,15,1,3,0
1515,16,1,3,2,1.4471451548265324,22,0,3,1
1516,17,0,0,0,17.622102967131315,8,1,2,0
1517,18,1,0,2,5.1332337979182885,21,0,3,0
1518,16,0,0,0,11.859694955109878,15,1,4,1
1519,18,1,0,2,18.719883580035553,18,0,3,0
1520,16,0,0,3,13.56245003073293,14,0,2,0
1521,18,1,2,2,8.288596249340731,25,0,2,0
1522,17,1,3,2,13.790684178108304,13,0,3,1
1523,16,0,0,2,6.879592726327404,19,1,1,0
1524,17,0,1,1,5.545168326983722,9,1,2,0
1525,16,0,2,3,19.933665558693594,20,0,2,0
1526,17,0,2,3,15.015804623595754,11,0,3,0
1527,17,1,0,1,12.894399547636352,27,0,3,0
1528,16,1,0,2,7.105792864386375,0,0,2,1
1529,16,0,0,3,0.9832165831009632,20,0,1,1
1530,16,1,2,4,0.6211375207031122,16,1,4,0
1531,15,0,2,2,11.083625108975976,8,1,0,0
1532,18,0,0,2,15.240654420781022,22,0,0,1
1533,15,1,0,1,10.747583808877101,18,0,2,0
1534,15,1,3,4,16.81570143878229,24,0,3,0
1535,17,1,2,1,0.6685306618644327,17,0,3,1
1536,16,1,3,2,7.335041528518802,27,0,4,1
1537,18,1,2,1,4.741407823483561,6,0,1,0
1538,17,1,0,1,8.94545936314244,8,0,2,0
1539,15,1,1,2,1.4475278638824496,21,0,1,0
1540,16,0,1,4,19.08263283142145,25,0,3,0
1541,17,0,0,0,4.465108021387218,20,0,2,1
1542,16,0,1,2,18.446155509671694,11,0,0,0
1543,17,0,2,0,8.517863100733635,6,1,3,1
1544,16,0,0,1,19.71048266510436,13,1,2,0
1545,15,1,2,2,11.081167669204214,14,1,2,0
1546,18,0,1,2,18.616657283516147,14,0,3,0
1547,15,0,3,1,0.1069797738844569,5,0,1,1
1548,18,0,0,1,14.964776123618002,20,0,1,1
1549,16,0,0,0,18.061013062050307,13,0,1,0
1550,17,0,1,1,2.7944113395790815,1,1,2,0
1551,15,0,0,4,1.9225170346430298,7,0,1,1
1552,18,0,2,3,8.491452143719112,12,0,3,0
1553,15,1,2,1,18.673578122658704,22,0,1,0
1554,18,1,0,2,10.847731203808774,5,0,4,0
1555,15,0,1,3,10.549129274434643,4,1,1,0
1556,18,1,1,0,2.8225223659864374,4,0,1,1
1557,18,1,0,3,0.01579022186437573,24,0,1,0
1558,16,1,3,3,16.202801814909225,0,0,3,1
1559,18,1,2,0,1.7514912597247645,8,1,2,1
1560,16,0,1,1,12.67699637470648,5,0,3,1
1561,18,1,2,4,18.29232909030383,19,0,3,0
1562,17,1,0,2,4.17303826316862,25,0,4,0
1563,17,1,3,0,13.305456724738216,29,1,3,0
1564,17,0,1,1,1.5739715341501892,6,0,0,0
1565,18,0,2,2,12.07510287675226,8,0,3,1
1566,16,0,2,2,3.278634419064055,4,1,4,1
1567,16,0,0,2,14.71907121030356,13,1,4,1
1568,18,0,2,4,6.024625895878164,4,0,1,0
1569,17,0,0,1,9.267820176092926,7,1,3,0
1570,17,0,0,2,11.988610840552434,6,0,1,0
1571,16,1,0,2,3.4254682133247916,12,1,1,1
1572,17,1,3,2,14.832756372352417,12,0,3,0
1573,15,1,2,1,6.052806812736291,7,0,4,0
1574,16,0,2,4,13.24743719825507,10,1,2,0
1575,17,0,2,3,3.165661013987473,27,1,3,1
1576,16,0,1,2,13.762353184127004,25,0,0,1
1577,15,0,3,2,2.563761456209235,17,1,0,1
1578,16,0,0,1,8.507129925399672,24,0,2,1
1579,16,1,0,2,4.944121474777536,18,1,2,0
1580,16,1,0,2,14.96750498856365,5,0,3,0
1581,16,0,2,2,5.240700090137491,21,0,2,0
1582,15,0,2,4,17.634346127907925,1,0,2,0
1583,18,0,0,2,17.836404228132256,27,0,2,1
1584,16,0,0,1,3.928826304455717,12,0,1,0
1585,16,1,2,2,12.276918900154485,22,0,4,0
1586,17,0,0,1,1.7543528343992865,24,0,2,0
1587,16,0,2,1,7.830741992032584,27,1,2,0
1588,17,0,3,1,14.266434590025446,25,0,3,1
1589,18,0,0,2,13.188464936998326,10,0,2,0
1590,15,1,0,2,12.49401338813216,0,0,3,0
1591,15,0,2,2,5.6508172732488715,23,0,1,0
1592,18,0,2,2,7.560498988688041,1,0,1,0
1593,15,1,1,2,2.0589228940057236,29,0,4,0
1594,18,1,3,1,14.38045640867202,16,0,3,0
1595,18,1,0,3,10.077775935825471,7,0,2,1
1596,18,0,1,1,14.175312646913092,1,0,3,0
1597,15,0,2,1,4.978870495937455,5,0,4,0
1598,17,1,2,2,6.488764572701324,21,1,1,1
1599,18,1,0,1,6.684306745202293,4,0,0,0
1600,16,1,2,0,0.514848194944324,15,1,2,0
1601,15,1,1,2,6.82095745661247,7,0,1,1
1602,18,1,0,2,16.06609147036067,18,1,1,1
1603,18,1,0,2,17.94596991499477,15,0,3,1
1604,16,0,2,4,10.364366312718548,12,0,0,0
1605,17,0,0,2,9.110033904384405,25,1,3,0
1606,17,0,0,3,0.6164923739874051,19,0,2,0
1607,17,1,0,1,17.584086751707652,6,0,2,0
1608,18,1,2,2,0.2602042685174544,15,0,3,1
1609,18,1,1,3,18.895001604204236,22,1,2,0
1610,18,1,2,2,9.784324973761812,15,0,1,0
1611,15,1,0,2,6.838689871494532,28,0,1,1
1612,16,1,1,1,18.484368696853203,11,1,3,1
1613,18,0,1,0,0.48781986220193474,13,0,1,1
1614,16,0,2,2,11.628497897381742,23,1,0,1
1615,16,1,3,1,10.978650489986752,17,0,4,0
1616,17,0,0,3,4.3864080242276415,26,1,4,1
1617,15,1,1,1,8.577748627004212,27,0,2,0
1618,18,0,0,4,13.045280118875404,17,0,0,0
1619,17,1,1,4,14.54262393763855,15,0,3,1
1620,17,1,0,1,0.014337174131595631,19,0,3,1
1621,18,0,0,1,18.737068601820305,15,0,1,1
1622,16,0,0,3,3.290507447856248,12,0,1,1
1623,17,1,1,4,4.671608684447184,25,0,3,1
1624,16,1,0,2,5.269468913876965,28,0,4,0
1625,15,0,2,1,0.7564027310407062,8,0,3,1
1626,16,0,0,2,2.4610424718064983,25,0,1,1
1627,15,1,0,2,19.72699845888324,27,0,2,1
1628,16,0,2,1,6.304334747545721,8,0,3,0
1629,17,1,0,2,2.306021806780987,12,0,1,0
1630,17,1,0,0,2.1398252234924664,28,0,1,1
1631,15,1,1,0,14.389199353399437,3,1,1,0
1632,18,1,0,1,17.091373280652817,8,0,2,0
1633,15,0,0,1,5.1390459901693974,14,0,2,0
1634,15,0,0,1,0.4181902467046994,13,0,3,0
1635,16,0,3,2,4.461800368907117,18,1,3,1
1636,16,0,1,1,1.1303138159351467,11,0,4,0
1637,15,0,1,1,2.0678987326008302,20,1,3,1
1638,17,0,1,1,8.630162396952848,25,0,1,0
1639,16,0,0,4,4.598367417232652,24,1,2,0
1640,18,1,0,2,10.318917570508468,5,0,2,0
1641,16,0,2,2,5.069875065143807,2,0,0,1
1642,16,0,0,2,18.810746022058954,25,0,4,0
1643,18,1,0,4,18.11887935852529,24,1,0,1
1644,15,0,0,1,11.33612210020932,21,1,2,1
1645,18,0,0,2,7.088479839747723,19,0,2,1
1646,15,1,3,2,7.622937640694712,15,0,2,1
1647,15,0,0,2,8.237045662889939,29,0,3,0
1648,15,0,1,0,14.55158644269888,19,0,2,0
1649,18,0,0,2,9.032779910376759,23,0,1,0
1650,15,1,3,0,17.13459893011795,22,0,1,0
1651,17,0,0,2,18.88189571860729,16,1,4,1
1652,18,0,0,2,6.718923067578677,15,0,1,1
1653,17,1,2,1,11.213889627513602,5,0,1,0
1654,15,0,2,3,1.9011307366512886,7,0,2,0
1655,16,1,0,0,4.009380955327179,18,1,1,1
1656,15,1,0,3,8.269315334203203,29,1,2,0
1657,17,0,0,2,4.1240543180355775,24,0,3,1
1658,17,1,0,1,17.53120981577435,25,1,3,0
1659,18,1,0,1,3.1657251211819615,1,1,3,0
1660,16,0,0,4,9.11321643106184,13,0,1,1
1661,18,1,0,0,12.113984809197513,21,0,2,0
1662,17,1,0,1,13.837278163216888,11,1,0,1
1663,15,0,1,1,7.661387394530134,16,0,0,1
1664,16,0,3,2,17.381981374494572,27,0,2,1
1665,15,0,1,2,11.36638302155851,26,0,1,1
1666,15,1,0,1,8.790155608951036,14,0,3,0
1667,16,0,0,1,1.3448126810407324,17,1,3,1
1668,18,1,3,1,9.293789368903301,15,0,3,1
1669,15,1,0,1,16.414716816314606,12,0,3,1
1670,17,1,0,2,12.29082036442631,20,1,0,1
1671,15,1,1,2,16.643249074582368,16,0,2,1
1672,16,1,1,1,9.880233411986111,7,0,1,0
1673,16,1,1,1,2.369234101889637,0,1,2,1
1674,16,1,0,1,0.2727969167176214,28,0,1,1
1675,18,0,0,4,6.064390934371824,24,0,0,1
1676,15,0,3,4,13.95980942995585,25,0,2,0
1677,18,1,0,3,15.805198078833875,26,0,3,1
1678,18,1,1,1,5.915056692406589,2,1,3,0
1679,16,0,2,0,9.913078417664941,15,0,2,0
1680,16,1,1,1,8.422378088681633,27,0,2,1
1681,18,0,0,1,8.210455687028556,1,0,2,1
1682,15,0,0,2,4.62697426400301,14,0,3,0
1683,17,0,1,2,2.7274221005891675,0,1,0,1
1684,18,1,2,3,3.9337711646242624,8,1,3,0
1685,15,1,3,3,1.106647743266922,15,1,2,0
1686,16,0,0,1,3.962614836471541,3,0,1,0
1687,16,0,0,2,0.18401795250758912,11,1,0,1
1688,15,0,3,1,12.545168012719564,0,0,1,0
1689,17,0,2,0,6.327508147753658,0,1,2,0
1690,16,0,2,2,19.462894228538172,6,1,3,1
1691,16,1,0,0,3.874341015525957,17,0,2,0
1692,16,0,1,2,6.916571406191878,22,0,2,1
1693,15,1,2,1,7.156823172830665,27,0,4,1
1694,18,0,1,2,0.1690299212492108,22,0,1,1
1695,16,1,0,2,16.78415906078918,14,1,1,0
1696,18,1,0,1,0.6398892028864944,25,0,2,0
1697,17,1,1,3,18.803596694584826,29,0,3,1
1698,16,1,0,1,17.841487021872414,24,0,3,0
1699,16,1,0,2,10.710438321719272,12,1,2,0
1700,17,1,3,2,10.871911498225842,15,0,4,0
1701,16,0,0,2,13.075558459123126,6,0,3,0
1702,18,1,2,4,7.7410002386977395,15,0,0,1
1703,15,0,0,1,12.94444566795711,12,0,3,1
1704,18,1,1,2,0.8953677737697374,13,0,0,0
1705,15,1,3,2,1.0809525469945314,16,1,3,0
1706,15,0,0,3,9.144608392390888,11,0,1,1
1707,18,1,0,1,10.9924460221207,28,0,3,0
1708,18,0,0,2,17.75635280671638,23,0,2,1
1709,18,0,0,2,2.093212678157925,23,0,3,0
1710,18,0,2,1,16.452958543877788,19,0,2,1
1711,17,0,3,2,4.200946745841392,12,0,3,1
1712,16,1,0,1,7.881672970200637,23,0,1,0
1713,15,1,0,2,6.332048696548258,19,0,4,0
1714,18,0,0,3,8.00310545730798,14,0,3,0
1715,18,1,2,2,3.009909961451711,23,1,1,1
1716,18,1,0,2,10.0714014880711,20,0,4,0
1717,17,0,1,2,16.032851796627344,3,1,2,1
1718,18,1,1,0,8.830680207577938,21,1,3,0
1719,18,0,1,1,9.812271517963982,1,0,3,1
1720,18,0,0,2,16.975351705626284,27,1,0,1
1721,16,1,2,1,14.121162292760616,17,0,4,0
1722,17,1,0,1,9.809088170395695,1,0,2,0
1723,18,1,0,2,5.153912963783593,24,0,1,0
1724,15,0,2,1,17.698534936899332,14,0,3,1
1725,15,0,2,1,11.540408033811167,29,0,3,0
1726,15,1,0,2,4.422952202213867,25,0,0,0
1727,17,1,0,1,5.382395052760208,18,0,1,1
1728,17,1,0,3,16.06266177872492,14,0,3,0
1729,15,1,0,3,0.8829112417491092,25,0,0,1
1730,18,0,0,2,19.8418437405764,19,0,4,0
1731,17,1,0,1,2.6070335942958356,9,0,3,0
1732,15,0,0,2,15.921370507938748,27,0,2,0
1733,15,0,2,3,7.895506335433657,23,0,2,1
1734,18,1,1,2,9.844323665749338,19,0,2,0
1735,16,1,1,1,17.613011549291556,10,1,2,1
1736,17,1,0,2,8.258223791784264,25,1,3,0
1737,18,0,3,3,10.74987507346469,9,0,4,0
1738,15,1,2,2,0.9859932481833988,28,1,2,1
1739,15,1,2,2,0.04694947734906307,22,0,2,0
1740,18,0,2,2,4.895997460034518,4,0,1,0
1741,17,1,3,2,13.611661858375346,8,1,3,0
1742,16,0,1,0,2.425297867182734,19,0,3,1
1743,16,1,0,2,2.2752391760909885,18,1,3,1
1744,15,0,1,0,8.219212160718065,12,0,0,0
1745,17,1,2,2,12.95674077216453,17,0,3,0
1746,16,1,2,1,14.24143984495861,16,0,2,1
1747,17,0,1,2,3.5690134819674957,26,0,3,1
1748,17,0,0,1,1.591762947440849,5,0,3,0
1749,15,1,0,2,18.807940678910885,9,0,3,1
1750,16,0,3,2,5.213327651242034,1,1,2,0
1751,18,0,1,1,17.066929952174476,23,0,3,0
1752,15,0,1,1,17.269829009256366,5,0,0,0
1753,16,0,0,1,15.450451835250888,27,0,3,0
1754,16,1,0,3,3.3766721330514016,27,1,0,0
1755,16,1,2,2,16.436029185084006,20,0,2,1
1756,16,0,1,2,15.385011184831734,12,0,1,0
1757,16,0,2,1,11.934459802124342,17,1,3,0
1758,17,0,0,2,6.744040703379055,6,0,2,0
1759,15,0,1,3,5.250172085330882,1,0,3,1
1760,17,1,0,3,2.4377842416071793,28,1,3,1
1761,18,1,2,2,10.195141338017429,13,1,3,0
1762,16,0,0,0,11.705217510196931,4,0,1,0
1763,15,0,0,1,7.186779810315745,17,0,3,0
1764,16,0,1,0,9.507181353617371,10,1,2,0
1765,15,1,3,1,7.270289147385334,9,0,0,0
1766,17,0,0,1,12.820121146414024,10,1,1,0
1767,15,1,2,1,18.025184155931267,26,0,1,1
1768,18,0,0,1,3.2784052409388975,1,0,0,0
1769,18,1,0,3,7.6281761980624685,14,0,2,0
1770,15,0,0,2,2.8173720790172263,6,1,0,0
1771,15,1,0,3,12.498875408156639,8,1,2,1
1772,15,0,1,2,14.577410189771916,4,0,1,0
1773,15,0,0,1,18.63825465194912,6,1,1,0
1774,18,0,0,2,5.577438525219298,19,0,4,1
1775,16,1,3,1,19.004224117308603,1,0,2,0
1776,15,0,0,2,1.265253436413496,2,1,1,0
1777,15,1,2,1,12.060277267291763,1,1,2,0
1778,18,1,0,4,1.1426543868665995,20,1,1,1
1779,18,0,1,1,17.875483755238896,21,1,0,0
1780,17,0,0,1,10.596181141401082,22,0,0,1
1781,15,0,0,3,13.386967015255921,18,0,4,0
1782,17,1,0,0,16.63147851820905,3,1,3,0
1783,18,0,0,2,3.006212449679375,23,0,3,1
1784,18,1,0,2,0.7718312387626769,19,0,4,0
1785,16,1,1,3,17.577622918257042,6,0,4,0
1786,15,0,2,4,6.29866454917865,27,0,3,0
1787,17,0,2,4,2.5795781585433053,21,1,3,1
1788,18,0,1,0,9.36922474174173,6,0,2,0
1789,18,0,0,3,11.966121513920376,16,1,1,0
1790,17,0,0,2,0.6194120684502025,18,0,2,0
1791,16,0,0,2,5.497913165141755,21,0,2,0
1792,18,1,0,1,0.6559974855379203,15,0,4,0
1793,15,1,1,2,8.40670778390998,2,0,2,0
1794,18,1,1,4,17.902000581324884,14,0,3,0
1795,15,0,0,3,19.653048229871384,13,0,2,1
1796,17,1,0,2,12.740951070072551,14,0,1,0
1797,15,1,2,0,3.232753875691836,13,0,2,0
1798,17,1,2,1,18.116987799986116,6,0,2,1
1799,15,1,0,3,10.32495646400121,24,0,2,1
1800,17,1,3,2,3.074986242058362,2,0,2,1
1801,15,0,3,2,18.434533389033227,29,0,1,0
1802,16,0,0,0,15.14938101446206,16,1,2,1
1803,15,1,0,2,14.63410545446303,9,0,3,1
1804,15,1,1,2,14.183614075888094,14,1,2,0
1805,16,1,3,3,4.006796421928847,28,1,2,0
1806,18,0,2,2,4.220133834150522,5,0,0,0
1807,18,0,0,1,13.7658599685451,27,1,1,1
1808,15,1,0,2,4.394455002207938,16,0,2,0
1809,16,0,1,0,8.773433936060977,16,1,2,0
1810,15,0,1,4,15.640036511878828,13,1,2,0
1811,17,1,0,1,15.679050361956818,23,0,3,1
1812,17,0,2,2,9.065235450517193,24,0,1,0
1813,15,0,1,1,15.843798765504902,17,0,0,1
1814,18,1,2,2,16.772435923961137,24,0,2,1
1815,18,0,2,2,13.095515025685206,4,0,2,0
1816,15,0,2,2,4.568517046168403,28,0,2,0
1817,15,1,0,1,5.48023560771095,7,0,3,0
1818,17,0,1,1,6.296823108174707,6,0,3,1
1819,18,0,0,1,2.33608215467904,22,1,1,1
1820,15,1,1,2,5.463192407398902,3,1,4,1
1821,17,1,0,0,4.190384486250642,17,0,1,0
1822,18,1,1,2,9.106574996172043,4,0,3,0
1823,16,0,0,3,18.168750957445297,15,0,3,0
1824,17,1,0,3,2.0896063350791616,13,0,3,0
1825,18,0,0,2,14.405358478947912,26,1,1,1
1826,18,1,0,2,13.745660088262554,26,0,2,0
1827,17,0,2,0,1.9150839732671532,18,0,2,0
1828,16,1,2,2,18.451448098116,13,1,1,0
1829,17,1,1,3,11.369444043136392,8,1,0,0
1830,18,1,0,1,7.274510422713685,5,0,2,0
1831,15,1,0,2,15.130771669906133,16,0,2,0
1832,15,0,0,3,5.147309168032681,18,0,3,1
1833,17,1,0,3,13.870196740926408,11,0,1,0
1834,18,1,2,1,0.7942241514449444,3,1,3,1
1835,15,0,0,2,16.78816075218544,15,0,1,0
1836,18,1,0,1,8.96341694042637,24,0,3,1
1837,17,0,0,1,12.733858287158835,10,1,2,0
1838,15,1,0,3,4.424756396133674,21,1,2,1
1839,18,1,1,3,13.541474253168959,3,1,3,1
1840,15,1,1,2,15.444805517865532,16,0,1,0
1841,17,0,0,0,9.464263737687975,7,0,1,0
1842,18,1,0,3,12.354538481235886,13,0,2,0
1843,15,1,0,2,9.126518476447972,26,0,1,1
1844,17,1,0,1,17.88182738515691,1,0,2,0
1845,15,0,0,2,9.957383610286383,10,0,1,0
1846,15,0,3,0,16.83617418057638,10,0,3,0
1847,16,1,1,2,16.02704116540497,23,1,3,1
1848,16,0,1,2,8.21009642696713,21,0,0,1
1849,17,1,0,1,4.6016898371495,23,1,3,0
1850,16,1,0,1,8.121642651195419,5,0,2,0
1851,17,1,1,1,16.524347515504402,20,1,2,1
1852,16,1,1,0,4.552650716387847,20,0,2,1
1853,15,1,2,2,10.488726917154986,13,1,3,0
1854,17,1,0,3,16.12193495921495,29,0,2,0
1855,17,1,1,0,7.069549502567575,9,0,3,1
1856,15,0,0,0,12.844192740053948,25,1,1,0
1857,17,0,2,2,4.912631480976291,26,0,4,0
1858,17,0,1,3,2.1855889073631984,7,0,3,1
1859,16,0,1,1,15.887684501857127,6,1,1,0
1860,17,0,0,1,1.9793724681741365,7,1,3,1
1861,18,0,1,2,5.427627901591691,27,0,2,0
1862,15,0,0,1,17.1021884399488,7,0,1,1
1863,16,1,0,0,6.929385741573344,22,0,1,0
1864,16,1,0,2,19.46090699028322,1,0,0,1
1865,18,1,1,2,19.594686695477193,26,1,3,0
1866,15,1,0,2,5.365520409071134,15,0,2,0
1867,15,0,0,2,0.819564444997809,8,0,2,0
1868,16,0,2,2,14.101265684107583,12,1,1,1
1869,17,1,0,1,9.019730052966874,22,0,2,0
1870,16,1,1,1,2.0150568791915258,11,0,2,0
1871,15,0,0,1,14.150456379560856,26,0,3,0
1872,18,1,0,1,0.6234981822384245,21,0,4,0
1873,16,1,2,2,17.403933809844844,24,0,2,1
1874,15,1,0,3,2.7730505822660745,28,0,2,1
1875,16,1,0,4,2.5462375749345,16,0,2,0
1876,17,0,1,2,3.5134459593716905,26,0,3,0
1877,16,1,1,1,19.205327169841333,1,0,1,1
1878,16,1,1,1,13.86338720507692,12,0,2,1
1879,15,0,0,3,16.027430709272735,0,0,3,1
1880,15,0,0,2,7.95269971465506,25,0,0,0
1881,15,1,2,2,6.726254550099111,27,0,1,0
1882,16,0,1,2,4.689680135663399,18,0,3,0
1883,17,1,2,2,9.612960566248178,10,0,1,0
1884,18,1,2,3,11.03657467068337,4,0,2,1
1885,18,0,2,0,12.635496873055107,0,1,2,0
1886,15,1,0,2,5.14237007997389,19,0,2,0
1887,15,1,0,3,18.973081618059812,29,1,1,1
1888,16,1,2,1,3.395169964142717,12,1,4,0
1889,18,1,0,2,19.313063495328247,7,0,0,1
1890,15,0,0,1,0.29712245015007577,5,0,3,0
1891,17,0,2,4,9.622513836336912,28,1,0,0
1892,17,1,2,0,6.667356762331256,16,0,2,0
1893,15,0,0,2,8.982468278605015,11,1,1,0
1894,15,1,0,1,11.41329157961578,0,0,1,0
1895,18,1,0,2,8.71178316025418,2,0,1,0
1896,18,1,2,1,8.2969370060319,13,0,2,0
1897,16,1,3,1,14.65446830826613,25,0,2,1
1898,18,1,0,2,13.717525501729293,7,0,1,0
1899,17,0,0,3,16.665425640716958,10,0,4,0
1900,17,1,2,1,4.999179624789911,26,1,1,0
1901,15,0,0,1,12.190570195081271,13,1,2,0
1902,18,0,1,2,11.703895707857077,7,0,1,0
1903,16,1,3,2,7.394756217453775,28,1,2,0
1904,17,1,0,3,9.721150838053617,2,1,3,0
1905,17,1,1,1,6.275642866114575,6,1,2,0
1906,16,1,0,2,2.836887952339704,27,0,1,0
1907,16,1,0,1,4.276024213254656,18,1,1,1
1908,17,0,2,1,2.1102729280240218,3,0,3,0
1909,17,1,0,2,13.661391503802482,24,0,1,0
1910,16,1,3,2,13.21454786218303,15,1,2,1
1911,17,0,1,2,19.012127431597456,12,0,1,1
1912,15,0,0,1,14.593568272944825,19,0,1,1
1913,15,1,0,2,1.040916775122629,18,1,1,0
1914,16,0,0,2,17.684903478579084,4,0,3,1
1915,18,1,0,4,17.253503258914517,22,1,3,1
1916,16,0,0,1,8.866406415453973,4,1,2,1
1917,16,0,0,1,11.717261010558431,19,0,1,0
1918,18,1,0,1,19.521566649450378,23,0,2,0
1919,18,0,2,2,10.646087276963325,3,1,2,1
1920,18,0,1,1,18.106436567521797,1,0,2,0
1921,15,0,2,3,1.6607751562037287,25,1,0,0
1922,17,0,0,1,3.821037374173657,12,1,4,0
1923,15,0,0,3,8.815098868826357,29,0,2,0
1924,17,0,1,1,11.695136166746094,15,0,4,0
1925,15,1,0,2,16.324557037256003,21,1,0,0
1926,17,1,0,3,19.765242302863737,1,0,1,1
1927,15,0,2,1,7.777029929482328,18,0,1,0
1928,18,1,2,4,0.9483127228016985,16,1,3,0
1929,16,1,1,2,16.023430065906496,4,1,2,1
1930,15,1,0,3,12.087614381656163,24,0,3,0
1931,17,0,2,2,3.9708571773640333,17,0,3,0
1932,18,1,1,1,9.896569132428404,27,0,3,0
1933,15,0,2,1,14.846204910674487,22,1,3,0
1934,15,1,2,1,15.408235741372875,20,1,3,0
1935,18,0,2,0,9.99236823997524,17,1,3,1
1936,15,0,1,1,6.104290602577183,7,0,2,1
1937,16,1,0,1,19.47485164076987,26,1,3,1
1938,15,1,1,2,13.267252219129857,14,1,3,0
1939,16,0,1,2,8.164750386925974,12,0,2,0
1940,16,1,2,1,5.609264484093048,12,0,4,0
1941,18,1,0,1,14.622059660071242,15,1,0,0
1942,15,1,0,2,4.843668911875354,21,0,2,0
1943,18,0,2,1,3.4341997794737633,19,0,1,1
1944,15,0,2,0,10.596677779241405,12,0,1,0
1945,15,1,3,1,5.799747852882837,19,0,3,0
1946,17,1,2,3,12.5781028984723,1,0,4,0
1947,15,1,1,3,2.3587734974846697,2,0,3,0
1948,18,0,1,1,13.098822091346431,14,1,4,1
1949,16,0,2,2,5.665930559954044,22,1,1,1
1950,15,1,1,2,0.004858688690254631,18,1,1,0
1951,17,1,1,2,2.5387211534835274,12,0,2,0
1952,18,1,0,2,18.67230755670188,4,1,3,1
1953,15,1,0,2,17.347092782307158,25,1,0,1
1954,18,1,2,1,4.672180640724736,21,0,4,1
1955,17,1,0,0,15.567438090909825,5,0,3,0
1956,17,0,0,2,12.171431863479485,13,0,4,0
1957,18,1,0,3,19.41809422899739,3,1,2,0
1958,15,0,0,2,7.472113190681182,21,0,2,0
1959,16,1,0,3,13.629212250343425,18,1,3,1
1960,17,1,0,4,1.2707144484783717,22,0,3,0
1961,15,0,3,1,7.924946936328119,6,0,1,0
1962,15,0,1,2,19.27635322376361,3,1,4,0
1963,16,0,0,2,10.779617489002412,1,0,3,1
1964,17,0,0,4,5.757590066696892,26,0,0,0
1965,17,1,1,4,2.405419262572137,6,1,1,0
1966,15,0,0,2,14.070566803630609,2,1,2,1
1967,15,1,2,1,12.897120868594536,14,0,2,0
1968,16,0,1,2,7.478774272075492,0,0,3,0
1969,16,1,2,1,19.018827037316687,1,0,0,0
1970,17,1,0,2,0.44405625975700636,9,1,3,1
1971,18,1,1,3,6.074477032636516,15,0,3,1
1972,17,1,0,1,18.421389725991627,24,0,1,1
1973,15,1,3,2,6.418708766388807,27,0,2,1
1974,17,1,1,2,5.045056677103408,14,1,1,1
1975,18,0,0,2,10.684408198624947,23,1,1,1
1976,16,1,0,1,16.476034998410757,14,1,2,0
1977,18,0,0,2,2.062935217567221,13,0,4,1
1978,18,0,1,3,18.860414192914725,21,1,1,0
1979,18,1,0,3,15.90145762362328,13,0,2,1
1980,16,0,1,1,3.625005111031039,5,0,1,1
1981,18,1,0,3,14.240159223963254,13,1,1,0
1982,18,0,1,2,7.6991744527511425,16,0,2,0
1983,18,1,2,1,8.045893561526373,17,0,3,0
1984,15,0,2,0,15.665801848777328,19,1,0,0
1985,18,1,2,1,19.255696159614644,18,0,4,0
1986,16,1,0,3,2.5331174569438786,29,0,0,0
1987,18,1,0,2,8.412604737576387,16,0,3,0
1988,18,1,1,2,9.61883216168607,15,0,3,1
1989,16,0,0,1,7.5262363390999525,7,1,2,0
1990,18,1,0,2,7.2637824743245005,6,0,1,0
1991,16,0,0,0,1.0453733512319308,19,1,2,0
1992,18,0,0,1,13.710772411252465,27,0,3,1
1993,16,0,0,2,8.724288342400907,11,0,3,0
1994,18,1,2,1,3.8958760528785352,8,0,2,0
1995,18,0,0,3,16.320670046041368,26,1,2,0
1996,15,0,1,1,16.051214963032557,13,0,3,0
1997,15,0,0,2,9.727832561777877,19,1,4,0
1998,18,1,1,2,5.96901322295521,0,0,3,0
1999,18,1,0,2,12.761854515929048,9,1,3,0
2000,17,0,2,1,5.763042715548061,16,1,2,1
2001,16,1,2,0,4.720158606474241,16,1,3,1
2002,17,1,0,3,14.610293080526533,16,1,3,0
2003,15,0,3,1,0.806504794419014,3,0,3,1
2004,15,0,3,3,1.8953694206918792,16,1,2,0
2005,15,1,2,4,0.13576348047179554,17,0,2,0
2006,15,0,2,1,3.058863729508523,19,0,2,0
2007,18,1,0,1,1.3798001742091892,22,0,2,0
2008,15,1,1,2,19.916047355598373,1,0,2,0
2009,18,1,0,4,5.776199399081792,7,0,3,1
2010,18,1,0,3,2.9853602533849455,12,0,2,1
2011,15,1,3,2,4.819925159918359,22,0,1,0
2012,15,1,0,2,18.722511430802694,24,0,3,0
2013,16,0,2,1,10.403204460487913,29,0,3,0
2014,17,0,2,4,7.296361926157138,21,1,2,0
2015,15,1,2,4,17.467829158184387,19,1,1,0
2016,16,1,3,1,7.899805410980649,21,1,4,1
2017,16,1,0,1,6.700171399153916,14,0,3,0
2018,17,0,0,1,4.145650450994712,19,0,1,1
2019,18,1,0,1,7.555936478188229,22,1,0,0
2020,15,0,0,3,6.333687120338521,8,1,2,1
2021,17,1,0,1,13.546079185962821,2,1,3,1
2022,15,1,0,0,5.791654093414542,2,0,1,1
2023,16,0,2,1,11.543994928451228,1,0,2,1
2024,16,0,1,4,1.317843300639454,0,1,2,0
2025,18,1,0,2,3.8257831339302872,13,0,3,0
2026,16,1,1,2,8.148105432226975,16,0,2,1
2027,16,1,0,1,18.738985078173908,12,1,2,0
2028,17,0,0,4,7.5450397143139085,18,1,4,1
2029,15,0,2,3,13.281482423996682,29,0,1,0
2030,15,0,1,1,5.101744448427963,22,0,1,0
2031,17,0,2,0,2.5406715194646345,14,1,3,0
2032,18,0,0,0,1.1707320016010025,26,0,1,1
2033,15,0,2,1,6.1082699708550265,24,1,3,1
2034,16,1,1,2,3.1532205359381593,13,1,0,0
2035,15,1,1,3,3.480208960322484,1,1,1,0
2036,16,0,1,2,15.215186167739,6,1,4,1
2037,18,1,2,3,0.3167614188974843,16,0,2,1
2038,17,1,1,2,11.156202514708689,17,0,3,0
2039,15,0,1,2,7.589227611869296,5,0,1,1
2040,17,1,3,2,10.130999998170944,26,0,1,0
2041,15,0,2,1,11.256604744292058,20,0,3,0
2042,16,0,0,1,6.267353889145564,7,0,2,0
2043,17,1,2,2,5.902177203685706,27,1,2,1
2044,15,0,0,0,14.668036986698114,26,0,0,1
2045,16,0,0,1,17.425539762423142,1,0,2,1
2046,17,0,1,2,3.8516326491705577,0,0,3,1
2047,17,0,3,4,1.952375210702979,15,0,3,0
2048,15,0,3,2,17.955916127840517,6,0,3,1
2049,15,0,0,3,6.9979092729479735,21,0,3,0
2050,15,0,1,2,11.026347813256283,23,0,2,1
2051,16,0,0,2,7.190862890400069,10,1,2,0
2052,15,1,3,2,2.5160467269210263,14,1,3,1
2053,17,1,3,3,11.786632898954561,12,1,1,1
2054,17,1,1,2,10.502817035392592,29,0,1,1
2055,15,0,2,2,4.059871183823944,23,0,4,1
2056,15,0,2,2,9.037380893045556,1,0,0,0
2057,18,1,1,2,15.938950080312917,13,0,1,1
2058,17,1,0,1,11.808522062157827,23,0,2,0
2059,16,1,0,0,1.938346541339897,5,0,3,1
2060,18,0,1,0,10.960429944582701,8,1,2,1
2061,15,1,1,3,14.054765985791738,27,0,2,0
2062,15,1,0,1,15.854068115615028,6,0,4,1
2063,17,0,3,1,12.582351572685335,17,0,3,0
2064,15,1,0,2,3.0531632908156747,23,0,3,1
2065,16,0,1,1,14.203465331803214,8,1,0,1
2066,17,0,1,2,13.546836921630327,22,0,1,0
2067,15,0,1,1,0.4885376588126644,3,0,2,0
2068,17,1,1,4,8.234953351804863,8,0,1,0
2069,15,1,0,3,6.659004939247466,3,0,0,1
2070,15,0,0,3,13.38824128507287,11,0,1,1
2071,15,1,1,2,4.322716246218414,3,1,2,0
2072,16,1,1,2,11.817438459485171,24,1,3,1
2073,16,1,0,1,18.26411923628345,29,1,3,0
2074,17,1,2,0,15.956047444172155,23,0,0,0
2075,15,0,0,0,18.42915472433061,19,0,2,0
2076,15,1,1,2,19.5701193386538,13,0,1,0
2077,16,0,2,2,0.21340254012325532,23,1,2,0
2078,15,0,0,2,12.454825527549552,23,1,2,0
2079,16,1,0,0,8.25678795517813,6,1,2,0
2080,15,0,2,2,17.197089806702436,25,0,3,1
2081,17,1,1,2,5.036294040182634,12,0,3,0
2082,15,1,1,2,19.620589782301522,21,0,3,0
2083,15,0,2,2,12.274159390874946,7,0,3,0
2084,18,0,2,1,15.870748044576619,22,0,3,0
2085,16,0,3,3,1.7119910564553664,4,0,3,0
2086,15,0,1,2,3.669157695177301,11,1,2,0
2087,15,1,0,1,15.168073460684063,12,0,2,1
2088,18,1,0,1,0.43973044078647217,28,0,3,1
2089,18,1,0,2,16.337559717875656,19,0,0,0
2090,16,0,1,3,0.27898037383822905,13,0,3,0
2091,18,0,0,2,13.142376781225467,27,1,4,0
2092,17,0,3,1,7.301878404636117,17,0,3,0
2093,18,1,1,3,12.229897054383983,26,0,0,1
2094,17,0,1,2,13.920628139782274,23,1,2,1
2095,16,1,0,2,6.849504383726083,24,0,3,1
2096,16,0,0,2,2.159248962216711,19,0,4,0
2097,16,1,0,1,1.3929173549653129,3,1,2,1
2098,16,1,0,2,11.778720451250956,20,1,3,0
2099,16,0,0,1,10.41310707468223,17,0,3,0
2100,17,0,1,4,14.84402018242265,6,0,1,0
2101,17,1,2,2,10.194710200078742,14,0,3,1
2102,16,1,2,2,8.448915800617582,20,1,2,1
2103,18,0,1,2,7.9617435647246175,5,0,2,0
2104,15,0,0,3,0.5289380519533493,15,1,2,0
2105,16,1,2,3,6.711144033933143,19,1,3,1
2106,18,0,2,2,19.520403150489884,23,1,3,1
2107,15,1,0,2,17.471111524541776,7,0,2,0
2108,16,1,2,2,6.587561340684354,27,0,3,1
2109,16,0,0,2,11.755908101327444,20,0,3,0
2110,17,0,2,1,16.94593491070988,15,1,3,1
2111,15,0,3,2,8.825486735001373,27,0,2,0
2112,15,0,0,1,0.3591572750030192,21,0,0,0
2113,18,0,2,3,1.4902092363728014,15,0,2,1
2114,17,1,1,1,10.207854426974132,2,0,3,1
2115,17,1,3,4,19.388787513517567,16,0,1,0
2116,17,0,0,2,13.864190844377354,8,0,4,0
2117,17,0,2,2,1.4183238287713906,24,0,3,0
2118,15,0,0,2,3.7872175158372556,2,0,3,0
2119,15,1,0,1,15.426462864337001,19,0,3,1
2120,16,0,0,1,16.828795199124894,28,1,2,0
2121,16,0,3,0,12.353891723771817,6,1,3,1
2122,17,1,2,2,12.888463392596332,17,0,2,0
2123,17,1,2,2,0.5667490076676929,11,0,3,1
2124,17,0,3,2,16.57060519163017,18,1,3,0
2125,16,0,0,1,15.765504163416592,15,0,3,0
2126,18,0,0,1,5.180702882066943,21,0,3,0
2127,18,1,0,2,14.173534399310139,26,0,0,1
2128,16,0,0,3,4.297092128499962,23,0,0,0
2129,16,0,0,2,0.8066032210302598,16,0,3,0
2130,16,0,0,2,4.0227308518075455,19,1,1,1
2131,16,1,0,2,3.57257753508599,14,1,2,1
2132,16,1,0,0,6.754959934696945,0,0,2,1
2133,16,0,0,4,8.368989943509161,1,0,0,0
2134,17,0,0,2,10.170777829954158,7,0,0,0
2135,17,1,3,1,9.535077510166563,21,0,3,1
2136,17,1,2,2,5.413492119305787,24,0,3,0
2137,17,1,3,1,0.5834133714814893,1,0,2,0
2138,16,1,0,4,12.102032444743013,18,1,4,0
2139,18,1,0,1,7.914896596947088,8,0,1,1
2140,15,1,2,2,5.973443147750994,8,1,1,0
2141,16,1,0,1,17.338820856610248,12,0,3,1
2142,15,1,0,2,14.934866155963196,5,0,3,0
2143,18,1,0,2,17.155310967448845,29,0,2,1
2144,17,0,0,2,9.89965589424922,14,0,4,1
2145,18,0,0,2,2.6186250425355495,18,1,4,0
2146,16,0,0,3,13.924428722425448,20,0,0,0
2147,17,1,1,0,4.121475598743505,14,0,1,1
2148,16,0,0,1,8.824593381834337,17,0,3,0
2149,17,1,0,1,1.30001577897777,6,0,2,1
2150,15,1,2,4,16.50616804845965,25,0,0,1
2151,15,0,0,1,2.5188128209500116,10,0,3,0
2152,15,1,0,2,18.061950140986195,7,1,2,0
2153,18,0,2,2,17.284612045231142,5,1,2,0
2154,16,0,0,1,9.291655288784922,7,0,1,1
2155,18,0,0,1,14.887364086079813,1,0,3,0
2156,15,1,0,1,12.388901476363065,18,0,2,1
2157,16,0,0,2,16.061512846754898,15,0,1,1
2158,15,1,1,1,8.63610201571824,6,1,2,0
2159,18,0,2,0,15.716169684887,9,1,2,0
2160,18,0,0,3,9.24913634130296,11,0,4,0
2161,18,0,1,4,18.819315756855875,16,0,4,1
2162,15,1,1,1,9.727442016502952,6,1,1,0
2163,16,1,0,1,9.25238543867459,21,1,3,0
2164,16,1,1,0,15.701437231270255,7,0,3,1
2165,15,0,0,2,16.43155383521676,6,0,3,0
2166,16,0,0,3,11.089782286423414,3,0,2,0
2167,15,1,0,1,3.595956269901508,2,1,0,0
2168,16,1,0,1,9.35516461915159,18,0,3,1
2169,17,1,0,2,19.36145005819357,14,1,1,0
2170,17,1,2,2,15.059723860783702,3,0,1,0
2171,18,1,0,0,16.223252077582643,24,0,3,1
2172,17,1,0,2,0.6565099763848026,8,0,4,0
2173,17,0,0,1,9.357189252683199,12,1,1,1
2174,17,1,2,1,12.932422673151107,17,0,3,0
2175,15,0,1,2,16.600653672561492,20,1,2,0
2176,17,0,1,3,0.9854730716554294,15,0,3,0
2177,17,1,2,2,17.048777712837463,0,1,2,0
2178,18,1,2,3,10.968018734838234,3,1,1,0
2179,17,0,0,2,3.9462794115211985,17,0,1,0
2180,17,1,1,2,6.345104328994,7,1,2,0
2181,16,1,2,2,5.638591035031215,19,0,1,0
2182,18,0,3,3,10.617180685769515,15,0,0,0
2183,18,0,2,3,1.0337135982226364,20,0,3,0
2184,18,0,0,0,3.1707231699984706,10,1,2,0
2185,18,1,0,3,16.253860867515648,19,1,3,1
2186,18,0,0,3,2.6520798149362212,20,0,1,0
2187,18,1,2,2,4.667925389162539,20,1,3,0
2188,15,0,0,1,9.067412112083147,20,0,2,1
2189,17,0,0,3,10.34241776226661,26,1,0,0
2190,18,0,2,3,15.272209592283172,18,0,2,0
2191,17,1,0,1,8.946648533323756,22,0,0,0
2192,17,1,2,4,15.797292420710775,18,0,3,1
2193,15,0,0,0,12.366926140909149,17,0,3,0
2194,18,0,0,1,2.261994788476449,18,0,2,1
2195,16,0,0,2,3.1266287678567717,10,0,1,1
2196,15,1,2,2,8.740674508995417,2,0,1,0
2197,16,0,0,2,7.937787861780792,7,1,2,1
2198,17,1,0,0,14.870885392745892,19,0,3,0
2199,17,0,3,4,11.614742795947038,18,1,1,0
2200,15,0,0,0,7.762661620044986,9,0,0,0
2201,15,0,1,1,3.4152056690077126,15,0,2,1
2202,16,0,1,0,4.536742046509903,4,0,2,0
2203,18,0,0,2,11.51002036938118,19,1,1,0
2204,16,0,1,3,8.46877609799585,8,1,2,1
2205,15,1,0,2,10.298550177213441,7,0,2,1
2206,16,0,1,3,3.4135487060446734,10,0,2,1
2207,15,1,0,0,13.258125046891315,15,0,2,0
2208,16,0,1,2,17.05077481711934,6,0,3,0
2209,15,0,0,2,5.158790135738012,14,1,0,0
2210,15,1,1,2,9.830284516636532,23,0,1,1
2211,15,0,0,0,19.510546580418037,28,0,2,0
2212,18,1,0,2,6.664834811014552,20,1,2,1
2213,16,1,0,2,11.900926898475223,19,1,2,0
2214,16,0,0,2,1.8039140040048873,22,0,3,1
2215,16,1,2,2,12.120300049588863,16,0,3,1
2216,15,1,0,1,1.7926354660923582,5,0,1,1
2217,16,0,3,2,19.184708706476442,14,0,3,0
2218,16,1,3,1,14.313253041446227,7,0,2,0
2219,15,0,1,3,15.763195762714128,6,1,1,0
2220,17,0,0,2,14.082087215432736,1,1,4,0
2221,15,0,0,1,11.794580721529314,29,0,3,0
2222,16,0,2,4,8.998255621710108,12,0,4,1
2223,15,1,0,2,17.167467595221247,29,0,1,0
2224,17,0,0,0,19.13671335086126,22,0,1,1
2225,15,0,1,2,9.980723458081627,28,0,2,0
2226,16,1,2,1,18.63070098310524,5,0,3,0
2227,17,0,2,3,11.66665819977035,28,0,1,0
2228,18,0,0,3,10.767683737928664,4,0,3,1
2229,16,1,1,4,9.089654659107133,19,0,2,0
2230,17,1,0,2,4.185755230602397,0,0,2,1
2231,17,1,0,2,0.07439321636118379,28,0,3,0
2232,18,1,2,2,4.830124537121225,17,0,3,1
2233,15,1,0,1,10.194463432071304,14,0,0,0
2234,15,1,0,2,7.599199045195051,22,0,4,0
2235,16,1,0,2,8.969704560052676,9,0,2,1
2236,18,0,2,0,19.61296439128099,2,1,0,1
2237,15,1,2,2,7.005447413386552,4,0,3,0
2238,18,1,1,3,9.043658787202158,23,0,4,1
2239,15,1,2,3,2.6703110270563912,28,0,3,0
2240,17,0,0,0,0.9591546487397529,12,0,3,1
2241,15,0,0,0,15.508190291849893,7,1,3,0
2242,18,1,0,1,11.413663501439572,21,1,4,0
2243,17,1,0,3,15.214096120877901,20,0,0,0
2244,17,1,0,1,2.9972559777310326,28,0,3,1
2245,17,0,3,2,11.436575423653819,1,0,3,1
2246,18,0,0,1,5.072849486827511,8,0,0,0
2247,16,1,0,2,4.561236338000398,16,0,2,1
2248,16,0,0,1,0.23052028105970512,26,0,2,0
2249,16,1,0,2,2.606814471381438,17,0,3,1
2250,18,0,3,1,6.185362229993907,12,0,0,0
2251,17,0,0,2,2.337575211818781,0,1,3,0
2252,16,1,0,1,19.71716880821875,11,0,1,0
2253,18,1,2,2,6.172652970479014,19,0,2,0
2254,16,1,0,3,2.6064789340465633,19,0,3,0
2255,15,1,0,1,3.981646256559155,20,0,2,1
2256,16,0,0,3,11.75406456682953,4,1,2,0
2257,16,0,1,2,1.2808704772957702,7,0,0,1
2258,17,0,3,1,17.248682602823138,26,1,3,1
2259,18,1,2,2,19.229993584742946,14,0,4,0
2260,17,0,0,1,4.934948413347618,26,1,4,0
2261,17,1,2,2,9.001905371817188,2,1,3,1
2262,17,0,0,2,0.4426890205899414,5,0,1,1
2263,17,1,0,1,12.81420449454443,27,0,1,1
2264,17,1,0,2,8.278521161051778,12,1,1,1
2265,16,0,0,3,5.401169322031114,11,0,2,0
2266,17,1,1,3,4.1367422123321695,18,0,1,1
2267,17,1,1,2,13.080461553175208,28,0,1,0
2268,18,0,3,4,8.32434062064629,17,0,3,0
2269,15,1,1,2,3.5931857805982403,23,0,2,1
2270,16,1,1,1,13.782181629736481,0,0,3,1
2271,16,1,0,3,11.301445660733872,24,0,4,1
2272,16,0,0,2,17.173441098589922,26,0,3,0
2273,17,0,1,2,2.349517977529858,6,1,3,1
2274,17,1,0,2,15.713332038889122,11,0,3,1
2275,17,0,2,3,13.47033573634518,9,1,2,1
2276,18,1,0,3,2.3002187365619564,28,1,0,0
2277,15,1,0,2,13.896414597434415,11,1,0,1
2278,17,1,0,1,8.830945777596607,10,1,1,0
2279,15,1,0,2,18.899695711116863,3,1,3,1
2280,18,1,0,2,2.8322270123579862,18,1,4,1
2281,16,0,2,1,12.85666781631476,5,0,4,1
2282,17,1,0,2,7.6396009092589185,24,0,0,0
2283,15,0,1,2,19.136293411817554,8,1,4,0
2284,15,0,0,1,6.59949790580553,19,0,2,0
2285,17,1,0,1,19.243718189836002,9,1,3,0
2286,16,1,0,1,18.02971702201498,4,1,1,1
2287,16,0,2,3,5.407664706213127,26,0,0,0
2288,16,0,0,1,16.070835536528556,12,1,2,0
2289,18,0,2,1,19.91208403607012,8,0,3,1
2290,15,1,0,2,5.053260043425647,1,0,1,0
2291,15,0,2,1,8.735543386466393,17,0,1,1
2292,15,1,0,0,10.403614731335193,20,0,4,0
2293,18,1,1,1,5.898622716077286,0,0,4,0
2294,15,1,1,2,0.3052967929205952,23,0,0,1
2295,18,0,3,2,4.402584883950533,20,0,3,0
2296,16,1,0,1,5.638737686835169,11,1,2,0
2297,17,1,0,2,8.871994026363744,9,0,2,0
2298,15,1,0,4,3.4220495682680374,1,0,2,0
2299,15,1,2,1,17.465087133833453,27,0,2,1
2300,16,1,1,1,14.098222654626722,8,1,2,1
2301,17,0,2,1,1.7040095511932396,1,1,2,0
2302,18,1,0,2,13.001849022798629,22,0,2,1
2303,17,1,0,2,13.073129528112409,23,0,3,1
2304,16,0,0,1,19.124423472872554,29,1,3,1
2305,16,1,3,2,0.060417427123224954,21,0,2,0
2306,17,0,1,0,4.958648996116144,13,0,1,1
2307,18,1,3,2,18.55582958750631,10,0,3,0
2308,18,0,0,2,18.64267830796566,22,0,3,1
2309,15,0,1,1,14.411728387412747,10,1,3,1
2310,18,1,1,2,15.315266420950799,16,0,2,0
2311,17,1,0,1,1.8296591585929423,3,0,1,0
2312,16,1,2,2,10.277516695564673,12,0,3,0
2313,15,0,3,0,4.6316598257799875,6,1,2,0
2314,15,0,2,3,3.6243608722723453,15,1,4,0
2315,16,0,2,1,16.20606598246665,0,1,3,1
2316,18,1,0,3,2.7007627336109485,12,0,1,0
2317,16,0,0,1,9.373032739927705,0,0,2,0
2318,18,0,3,2,18.77156479172066,10,1,3,0
2319,16,1,0,1,3.716641111306851,5,0,2,0
2320,17,0,2,3,19.55986847476469,19,1,2,0
2321,18,0,2,1,19.88575971522118,2,0,3,1
2322,17,1,1,1,11.112343093648057,11,0,3,0
2323,15,0,3,2,3.4028548035431583,4,0,1,1
2324,16,1,0,0,6.322097758817913,8,1,2,0
2325,15,1,0,1,8.489856653530703,25,1,4,1
2326,15,1,0,3,6.186484487164458,25,0,4,0
2327,15,1,0,4,5.612711597530316,11,0,3,1
2328,15,1,0,1,19.44459418432715,29,1,4,1
2329,16,0,0,3,3.067296548314913,29,0,2,1
2330,15,0,2,2,14.666558174337245,27,1,2,1
2331,16,1,3,1,0.008205788783497425,26,0,2,1
2332,16,1,0,2,11.923653388047537,9,0,1,1
2333,17,0,0,2,18.31886007908105,18,0,2,1
2334,18,1,3,4,5.75868188186438,4,0,2,1
2335,18,1,0,1,3.710519505154384,25,0,3,1
2336,16,1,0,2,13.033595897568539,4,0,3,0
2337,17,0,0,0,14.252028145967863,8,0,3,0
2338,16,0,1,1,13.760610379039626,26,0,2,1
2339,16,1,0,0,6.386337600427481,27,0,1,0
2340,16,1,3,4,5.044048043186617,25,1,2,1
2341,17,0,0,3,19.118375999240882,26,0,3,0
2342,18,0,1,2,18.46599016539859,19,0,1,0
2343,17,1,0,2,9.146332197856406,16,0,2,1
2344,15,1,0,1,16.923877323087467,9,0,2,0
2345,17,0,1,1,9.04646955268592,20,1,3,0
2346,17,0,2,1,8.487780361450207,0,0,3,0
2347,17,0,2,1,3.135258951985893,21,1,3,0
2348,17,1,1,2,8.528121129839457,27,0,2,1
2349,18,0,3,2,10.74833877199614,15,0,2,0
2350,15,1,2,0,0.4500865485737293,25,0,1,1
2351,18,0,2,0,8.882260103508129,25,1,1,0
2352,18,0,0,1,15.627124367904006,14,1,1,1
2353,17,0,0,2,13.600921127485396,22,0,1,0
2354,16,0,0,3,12.7031397772787,16,1,1,0
2355,16,1,1,2,18.19110856874405,25,0,1,0
2356,18,1,0,3,0.3606401965046002,19,1,1,0
2357,18,0,0,2,11.140951723844683,24,0,3,0
2358,17,1,2,1,15.746976968194142,12,0,4,1
2359,18,0,2,1,10.826707654025345,0,0,3,0
2360,17,0,3,3,6.477911051607583,24,1,0,0
2361,16,0,0,2,2.725011301839557,7,1,2,0
2362,16,0,1,1,17.751261436323826,4,1,3,1
2363,15,1,0,2,9.41524784775206,5,1,1,0
2364,16,0,0,2,17.562303939714027,22,0,3,0
2365,18,0,0,2,11.717042448663367,19,1,2,0
2366,16,1,0,3,13.483842332300016,29,1,4,1
2367,17,0,0,2,16.085223087569002,13,0,3,1
2368,16,0,2,2,13.183110892002688,21,0,3,0
2369,15,0,0,0,7.961096813578754,22,0,3,0
2370,16,1,2,0,10.27266767857302,10,1,1,0
2371,17,0,1,1,16.060910493517596,5,1,1,1
2372,17,1,0,0,7.473005927459684,10,1,2,0
2373,18,0,0,2,7.762429135369942,12,1,1,1
2374,16,0,0,2,1.913802321160023,11,1,1,0
2375,17,1,1,1,18.291688704434954,21,1,2,0
2376,15,0,0,3,1.8207262989088346,1,1,3,0
2377,18,0,0,1,12.964183548971118,20,0,0,1
2378,15,1,0,1,8.263889576055954,2,0,1,1
2379,16,1,1,1,8.112387805108847,22,0,2,1
2380,16,1,3,1,13.591036731453679,3,1,2,0
2381,16,1,0,1,1.3418746525975744,16,0,1,0
2382,18,1,2,2,11.874115659028693,27,0,4,0
2383,17,0,1,2,15.440635719447096,27,0,2,0
2384,18,1,3,4,16.564255157731886,21,0,2,0
2385,15,0,2,0,3.410607787875506,5,0,0,0
2386,18,0,1,1,17.948381001563472,6,0,2,0
2387,15,0,1,0,13.122921836948844,14,0,3,0
2388,18,1,2,2,17.637096016413658,10,0,1,1
2389,17,1,0,0,9.705614342203965,23,0,2,0
2390,15,0,0,3,10.84066690194404,2,0,0,1
2391,16,1,0,2,18.38076554057342,29,0,4,0
2392,16,1,2,2,17.998190867093435,5,0,0,1
2393,18,1,2,2,8.96321746738004,25,0,3,0
2394,16,1,0,1,5.488252632713635,1,0,2,0
2395,15,0,1,1,7.863408691285283,28,1,2,1
2396,16,0,0,1,7.755286570594995,13,0,3,0
2397,17,1,0,2,5.7373374996558795,8,0,1,1
2398,17,0,3,1,5.371592086659332,17,0,2,1
2399,18,1,0,1,17.22125872959439,18,0,2,0
2400,15,1,0,4,1.3972384136932336,11,0,0,1
2401,17,0,1,0,13.552223641991883,12,0,3,1
2402,17,0,2,3,3.456401029129046,25,0,0,0
2403,15,0,0,2,6.890117867881265,11,0,3,1
2404,16,1,1,1,1.2308606826967372,11,0,2,1
2405,16,0,1,1,5.399472737109241,17,1,1,0
2406,18,1,0,1,15.368421422344841,8,0,3,0
2407,16,0,0,2,17.700306490945174,16,1,2,0
2408,15,0,1,2,4.430543038047341,20,0,2,1
2409,17,1,0,2,9.270956785178438,15,0,2,1
2410,16,1,3,3,9.406480958744128,16,0,1,1
2411,18,1,2,2,17.471506115194686,20,1,3,0
2412,16,1,3,1,15.255981057516108,23,0,2,0
2413,15,1,0,1,10.261544367360997,7,0,1,1
2414,18,1,3,3,13.414944009435468,10,0,3,0
2415,16,1,0,1,16.947101078187337,23,0,0,1
2416,18,1,0,0,0.19077908051089887,1,1,1,1
2417,15,0,0,2,8.057800621000972,7,0,2,0
2418,17,1,0,2,18.144863345541573,11,0,3,0
2419,15,1,1,3,14.806260616879028,20,0,4,0
2420,15,0,0,2,10.856827486681492,0,0,3,1
2421,15,1,0,0,10.592890540702669,22,0,2,1
2422,15,0,1,3,6.955401952088756,12,0,3,1
2423,17,0,0,1,10.41041067283029,21,0,2,0
2424,17,1,1,1,13.107663989269065,20,1,1,0
2425,18,0,0,2,8.36726076857586,16,0,4,1
2426,16,1,2,0,14.28306292784348,13,1,1,0
2427,17,0,2,2,17.224644545207717,13,0,2,1
2428,17,0,0,1,3.0936969636972234,15,0,3,0
2429,16,0,0,2,9.030940456348489,16,0,3,0
2430,17,1,0,1,8.160401825701623,5,1,0,0
2431,15,1,2,2,13.749296080994561,25,0,0,0
2432,15,0,0,3,4.997349305158587,27,0,2,1
2433,16,0,0,1,12.805018299045525,6,0,2,0
2434,18,1,0,1,17.54978483462976,25,1,2,1
2435,18,1,0,1,8.362631995872453,25,0,2,0
2436,16,0,0,1,18.220313999584402,0,0,4,0
2437,16,0,2,2,19.86327477866957,24,0,1,0
2438,15,1,0,2,2.1218409989590414,14,1,2,0
2439,18,1,0,1,4.661063759697173,19,1,2,0
2440,17,1,2,1,19.007595029641863,20,0,1,1
2441,15,1,2,1,19.166553729627736,17,0,1,0
2442,16,1,0,2,1.95414550773517,29,1,4,0
2443,18,0,0,1,0.2999700075427336,27,1,3,0
2444,17,1,0,4,3.222000465128445,25,0,1,0
2445,17,0,3,2,19.920255667644966,12,1,3,0
2446,15,1,0,1,3.5999923322137373,23,0,1,1
2447,18,0,3,2,10.050952134440463,29,0,3,0
2448,18,1,1,3,16.96835452861022,1,1,0,0
2449,16,1,1,2,0.4080322137641268,18,0,3,1
2450,18,0,0,1,12.08977964516919,14,1,0,0
2451,18,0,0,1,5.540508977392486,11,0,2,0
2452,15,1,0,3,17.246698328794633,14,0,3,0
2453,18,1,0,2,5.669222985281584,24,1,1,0
2454,17,1,1,2,13.735114405638178,17,0,2,0
2455,15,1,3,3,13.484392648947939,13,0,0,1
2456,15,1,1,3,4.429870977192801,5,1,3,1
2457,16,0,2,3,0.6959839973670023,11,0,2,1
2458,18,0,0,0,8.184991475707946,19,0,2,0
2459,16,1,0,2,5.783863039317394,22,1,4,1
2460,17,0,0,2,16.179554992274173,29,0,2,0
2461,15,0,1,2,16.007283769106905,29,1,0,0
2462,15,0,3,2,9.14047904385251,5,1,3,0
2463,15,1,1,1,12.13024450646438,25,0,3,0
2464,17,0,0,2,12.085190319738503,29,0,4,1
2465,17,1,0,2,16.543162968552465,8,1,1,1
2466,16,0,1,0,8.50004828246395,29,0,2,1
2467,16,1,0,2,5.5089335958101815,24,0,3,1
2468,16,0,2,1,5.30069836281095,25,0,3,1
2469,18,1,2,1,10.723845585644083,3,0,3,0
2470,15,1,1,0,8.98296405464425,16,0,1,0
2471,15,0,0,2,8.802415419698724,1,1,1,1
2472,16,1,0,2,1.8227467817941445,15,1,1,0
2473,15,1,0,2,14.372074813803913,23,0,4,1
2474,16,1,0,2,4.274733759638214,13,0,1,0
2475,18,1,0,3,3.9390726041744273,25,0,2,0
2476,18,1,1,1,8.255166405547868,7,0,2,0
2477,17,1,1,1,4.555566832356028,13,1,2,1
2478,18,1,0,3,11.677165346160308,1,1,2,0
2479,16,1,0,1,7.42926678668943,15,1,3,1
2480,18,0,0,4,8.978234451855801,3,0,2,0
2481,17,0,0,3,10.743386432080577,0,0,1,1
2482,15,1,2,2,4.070710449636097,22,0,2,0
2483,16,1,0,4,3.115032457310596,19,0,3,0
2484,15,0,0,0,17.608438057472096,26,0,4,0
2485,17,0,0,1,8.674474056628421,13,1,3,0
2486,17,0,2,2,8.241872192650783,7,1,3,0
2487,17,1,1,1,0.7122430054568296,24,1,2,1
2488,15,0,0,3,9.959526051747865,27,1,3,0
2489,15,1,1,0,11.083394432220002,24,0,4,0
2490,15,1,2,2,11.17681741909333,2,0,2,0
2491,15,0,3,2,14.140623386457687,4,0,0,0
2492,17,1,0,2,3.5496366998202356,5,0,4,0
2493,17,1,2,1,5.044462684612377,21,0,3,0
2494,16,1,3,1,16.214609304608253,25,1,2,0
2495,16,1,3,3,18.94341233686788,7,0,4,0
2496,15,0,1,1,2.7186549473464128,5,0,2,0
2497,18,0,1,3,9.952991090104364,5,0,2,1
2498,18,1,0,2,4.2835250547917365,3,0,3,0
2499,17,1,2,2,1.2014633670996488,6,0,1,0
2500,17,0,1,2,6.510066762522708,29,0,3,0
2501,17,1,1,1,2.873752503684255,29,0,1,0
2502,16,0,0,2,14.198661468684925,23,1,1,0
2503,16,1,2,3,10.674508273428888,18,0,2,1
2504,17,1,2,2,2.8766894198062176,6,0,2,0
2505,17,0,0,4,0.18483176811028734,2,0,1,1
2506,17,0,2,2,16.163140980484254,7,1,4,0
2507,18,0,1,1,3.5238881232849506,0,0,2,1
2508,16,0,2,1,12.12433284441532,0,1,1,1
2509,18,1,0,4,6.738438261534911,13,1,2,0
2510,18,0,0,1,11.709718766300712,5,1,3,0
2511,17,1,3,3,6.31307253964648,9,0,2,0
2512,17,0,0,3,1.7387912138450834,24,0,1,1
2513,15,0,2,1,4.459000171155072,27,0,1,0
2514,15,1,0,0,3.761171329581512,13,0,2,0
2515,18,0,1,2,8.560387048792876,3,0,2,0
2516,16,0,0,1,13.165675668523146,5,1,3,0
2517,17,0,1,2,5.276121498927151,15,1,4,1
2518,17,0,0,2,0.24139870601235902,27,0,1,1
2519,18,1,0,2,10.378747285295137,20,0,3,0
2520,15,1,0,2,12.11518978717944,27,1,4,0
2521,16,0,0,1,19.257409880036192,0,0,4,0
2522,15,0,3,2,11.789416061864937,5,0,4,1
2523,15,0,3,1,9.423451187562836,8,0,3,1
2524,15,1,0,1,11.468032517954077,14,1,2,0
2525,15,1,2,2,18.55801259724054,11,0,2,0
2526,17,1,0,3,16.567562912032926,2,1,2,1
2527,17,1,1,1,6.45957466727616,10,0,3,0
2528,15,0,2,2,4.745087273142746,14,0,2,0
2529,16,0,3,2,5.252672247321472,2,0,1,0
2530,18,0,0,1,10.08842079430426,13,0,1,0
2531,16,1,2,1,14.880989024571555,1,0,3,0
2532,16,0,0,3,10.064384143659241,28,0,3,1
2533,16,1,3,2,1.3559279165622518,3,1,2,0
2534,15,1,0,2,14.471614008799618,25,0,1,0
2535,17,0,1,2,16.119402573419077,18,1,3,0
2536,16,0,1,0,5.789957302394393,11,1,0,1
2537,15,0,1,2,13.282514785667008,1,1,2,0
2538,16,1,0,2,8.531838021087868,16,1,2,0
2539,16,1,3,2,17.782387114548857,2,0,4,0
2540,15,0,0,1,16.904511163214796,9,0,2,1
2541,17,0,1,0,10.508639966192845,15,1,2,0
2542,17,1,0,1,13.83011091627189,21,1,3,0
2543,18,0,0,4,17.66699402044208,8,1,2,0
2544,15,1,1,2,9.91434020156551,10,0,1,0
2545,18,1,0,2,6.265014809776439,20,0,2,1
2546,18,0,0,0,15.073322758191626,14,0,4,1
2547,18,0,0,0,4.401325095693835,2,1,2,0
2548,17,0,0,2,7.770622960120841,15,0,3,0
2549,15,0,2,2,17.314544742135872,29,0,4,0
2550,18,1,2,2,14.488446805386301,20,0,3,0
2551,15,1,0,1,8.076220104949986,20,0,3,1
2552,15,1,0,2,4.294890048167148,20,0,3,0
2553,17,0,0,1,7.119367816644731,27,1,4,0
2554,18,1,0,1,5.68208298454866,11,1,4,1
2555,18,0,1,2,3.5217857588770785,22,0,4,0
2556,15,0,1,1,14.866658271313133,4,0,3,0
2557,16,0,0,1,5.041397737003431,6,1,2,1
2558,17,0,0,2,9.083349403355276,8,0,1,1
2559,17,0,0,2,7.717188936722181,20,1,2,1
2560,17,0,2,3,19.641547572712618,17,0,4,1
2561,17,1,3,2,7.8218448829644105,20,0,3,0
2562,18,0,0,0,1.599649655935096,7,0,2,0
2563,18,1,0,1,1.7965150514416806,11,1,2,0
2564,16,1,2,4,11.815074427061296,19,0,2,1
2565,17,0,3,2,11.987271034765312,1,0,2,0
2566,17,0,0,2,8.3751798096531,9,0,3,0
2567,15,0,0,0,8.636873846240594,18,0,2,1
2568,18,1,0,2,1.0786516568174243,8,0,1,0
2569,17,0,1,0,10.330930207785245,24,0,2,0
2570,16,1,0,2,10.094789507607034,23,0,1,0
2571,16,0,0,3,2.9909863711388907,7,0,4,0
2572,18,0,1,4,2.0767877222185516,23,0,2,0
2573,16,1,0,2,2.47144981198981,23,0,4,0
2574,16,1,2,2,2.0205649298251704,23,0,1,0
2575,18,0,0,3,12.194163910735195,0,0,1,0
2576,17,1,0,2,3.9296530480583725,5,0,3,0
2577,17,1,1,0,5.0286030437492695,11,0,3,0
2578,16,1,0,2,3.4714428830287947,24,0,2,0
2579,16,1,3,1,19.15670608897006,23,0,1,0
2580,17,1,1,2,17.09234926303671,18,0,0,0
2581,18,0,0,2,4.609896747030417,26,0,3,1
2582,16,0,2,2,6.55132587844252,16,0,1,1
2583,15,1,0,1,4.197856846099944,1,1,2,0
2584,18,0,3,1,9.837519189216476,10,1,3,0
2585,16,0,0,2,0.3922106494850719,17,0,0,0
2586,16,1,1,3,13.427360177935913,22,0,1,1
2587,15,0,0,2,10.463162996352832,27,1,0,1
2588,15,1,0,1,17.972778566022065,21,1,4,0
2589,17,1,2,3,3.287853686568283,10,0,2,1
2590,18,0,2,3,16.082184921222634,17,0,4,1
2591,18,1,0,1,15.839220289334314,7,0,1,0
2592,17,1,0,0,2.5436237843377385,14,0,3,0
2593,18,1,2,2,7.971184482882552,8,0,1,0
2594,18,1,3,3,3.403052822890338,14,0,2,0
2595,18,1,0,4,5.0944100091509785,6,1,3,0
2596,18,0,0,3,5.264923496610887,19,0,3,1
2597,18,0,0,2,11.124727880515454,12,0,3,0
2598,15,1,2,2,8.22821863520931,12,0,3,0
2599,18,1,0,0,18.954656080126107,0,0,1,1
2600,15,0,0,1,2.5274028389401026,19,0,2,0
2601,18,1,2,2,19.473842697003974,3,0,2,0
2602,17,0,0,2,4.612772804285279,23,0,3,0
2603,16,1,0,2,15.457478727637062,3,0,1,0
2604,15,1,0,2,6.779398523456428,3,1,4,0
2605,18,1,0,1,2.861627908346278,12,0,2,1
2606,17,1,0,2,17.1577837049248,1,0,3,0
2607,16,1,1,0,6.177217984729264,27,0,1,0
2608,15,1,0,2,13.177108084536844,25,0,2,0
2609,16,1,1,2,11.328873701732531,22,0,3,1
2610,17,0,2,2,9.435126187817486,14,0,2,1
2611,15,0,2,4,9.916389452970781,3,0,4,1
2612,16,0,0,1,14.644758281845752,26,0,3,0
2613,18,1,0,2,1.7554582824688114,5,1,2,1
2614,15,1,0,1,13.363613239158102,2,0,3,1
2615,16,1,0,2,17.916242027971574,6,0,3,1
2616,17,1,0,3,1.155763940397283,5,0,3,0
2617,17,1,1,2,2.813066784673335,2,1,1,0
2618,15,1,0,3,14.332638734040628,3,0,2,0
2619,16,1,0,1,8.745632964892351,9,0,3,0
2620,15,0,0,3,8.070972416273767,29,1,3,1
2621,15,1,1,0,2.739332690884717,20,0,2,0
2622,16,0,0,3,10.135400814355762,8,0,1,0
2623,16,0,1,1,2.530906223927545,29,0,2,0
2624,18,1,0,1,9.532409126210808,5,1,0,0
2625,16,1,2,2,15.272305979233135,28,1,3,0
2626,17,0,2,3,5.16528715774327,19,1,3,0
2627,15,0,0,0,9.615723363594546,26,1,2,1
2628,15,1,0,1,19.840319387936713,10,1,3,0
2629,17,1,0,3,13.733008467080746,6,0,2,1
2630,16,0,0,1,16.827135426103972,17,1,3,0
2631,17,1,1,1,8.296952131210915,3,0,1,1
2632,17,1,2,2,15.357218462517107,4,0,2,0
2633,18,1,1,1,0.8101834588264367,3,0,3,0
2634,17,0,2,3,2.4582236508448996,3,0,1,0
2635,15,0,0,2,4.061411858401243,26,1,2,0
2636,17,0,0,2,8.03903849230439,12,0,2,0
2637,15,1,2,4,16.914897566515265,15,0,1,1
2638,15,1,0,2,6.92532101575861,24,0,1,0
2639,15,0,1,0,13.092423870309258,13,1,1,0
2640,16,0,0,1,14.186285896069668,10,0,4,1
2641,18,0,0,2,11.723647081766828,28,0,3,0
2642,15,1,3,1,7.144839363402724,1,0,2,0
2643,15,0,0,3,11.541066834270886,21,0,3,1
2644,16,0,3,2,6.845311855794924,13,0,0,0
2645,15,1,3,1,1.6774747710402416,23,0,2,1
2646,17,1,2,2,19.85607956372029,23,1,1,1
2647,17,1,1,2,2.543649072650218,26,0,1,1
2648,18,0,1,3,1.446967676721147,6,0,3,1
2649,15,1,2,3,17.57061498414312,25,0,1,0
2650,16,1,0,2,6.036693217857902,10,0,3,0
2651,17,0,0,2,13.005939481470152,3,0,2,1
2652,16,1,1,2,6.580114593244657,6,0,0,0
2653,16,0,0,2,7.829085415889423,28,0,3,0
2654,17,0,0,1,5.24225944033593,15,1,2,1
2655,16,1,0,1,6.860880115860204,25,0,2,0
2656,17,1,1,2,8.214008011730861,5,0,1,0
2657,16,1,2,1,14.408321381846857,26,0,0,0
2658,17,1,0,0,10.230723884695836,5,0,4,0
2659,15,1,3,2,18.87130434313954,1,0,2,0
2660,18,1,1,0,0.8376078767755102,23,0,0,1
2661,17,0,2,2,10.061366452640563,7,1,3,1
2662,17,0,1,2,11.684495776634362,29,0,1,1
2663,18,1,2,4,18.40393972148548,26,0,1,0
2664,17,0,0,2,0.9831704724285517,6,1,1,0
2665,17,1,2,0,11.46999169870432,26,0,2,0
2666,16,0,0,2,17.07259857055914,24,1,0,0
2667,18,0,2,3,4.838554562384731,23,0,2,0
2668,15,0,3,4,17.52584697047875,13,0,3,0
2669,17,1,0,2,0.38086818548583645,8,0,1,0
2670,18,0,0,1,14.649092582674594,14,1,2,0
2671,16,1,2,3,18.66226442337306,24,1,2,1
2672,15,0,0,1,13.143953232801245,21,0,2,0
2673,18,0,2,2,8.78058487960896,17,0,4,1
2674,15,0,0,2,0.8976203294543605,11,0,2,0
2675,15,0,0,0,18.402276266452574,22,0,0,0
2676,15,0,3,1,9.405924453831496,18,0,2,0
2677,17,1,1,1,0.5799348867189602,12,0,1,0
2678,17,1,2,2,13.796421426575238,6,0,3,0
2679,16,0,0,3,9.636745071525164,24,0,0,0
2680,16,0,1,1,2.4869063488482146,9,0,1,1
2681,18,0,1,3,4.2854361862051915,29,1,2,0
2682,16,0,1,0,1.2898136091169254,9,1,1,0
2683,15,1,1,2,11.485870794171472,1,0,2,0
2684,15,0,1,0,12.440589585040184,13,1,1,0
2685,17,1,0,3,10.114845967108888,12,0,4,1
2686,15,0,0,2,16.3420426600523,21,1,1,0
2687,18,1,2,2,17.220176426160272,28,0,4,0
2688,15,0,0,3,12.312487933662533,5,0,2,0
2689,15,0,1,2,0.2551295941486109,8,1,3,1
2690,18,1,0,4,13.904593114954713,12,0,1,0
2691,16,0,1,2,8.359984338407031,8,1,3,1
2692,16,0,2,3,11.31114966452774,12,1,2,0
2693,18,0,0,2,12.981612040377687,4,1,2,1
2694,17,1,0,1,7.004732286541535,13,0,3,1
2695,15,0,0,2,18.341970103435884,4,0,2,1
2696,18,0,1,1,2.679497334995624,8,0,2,0
2697,15,1,2,2,13.430236145620748,7,1,0,0
2698,17,1,0,2,0.08719159913160857,6,0,1,0
2699,15,1,2,2,18.493022108103617,7,0,2,0
2700,18,0,0,0,2.25008266476183,21,0,0,0
2701,15,0,0,1,1.8976846029514927,2,0,1,1
2702,16,0,3,2,6.660152661044885,22,0,1,0
2703,17,1,0,4,7.471325720781612,23,0,1,0
2704,17,0,0,1,4.286001446457572,14,1,2,1
2705,17,0,0,2,11.702433218542494,7,0,2,0
2706,18,1,0,2,8.858281960839271,0,1,4,1
2707,17,1,0,2,0.6835117808217483,6,0,2,1
2708,16,1,0,1,6.393041245106012,18,0,4,1
2709,18,1,1,2,16.20865827146341,1,0,3,1
2710,16,1,0,1,13.794030697237371,13,0,4,0
2711,15,0,1,4,14.49741707159761,17,0,3,0
2712,15,1,0,1,13.962338481670471,29,1,3,0
2713,15,0,0,1,6.219460427660666,14,0,2,0
2714,15,0,1,0,1.9932784415355176,13,0,1,0
2715,16,1,3,1,5.44934368066192,23,0,1,1
2716,18,1,0,2,16.635706003703184,24,1,4,0
2717,18,1,2,1,19.609415955661422,18,0,4,0
2718,17,0,1,0,9.876940294831227,29,0,3,1
2719,16,1,1,2,0.1940070984608444,18,0,3,0
2720,15,1,1,0,2.8008962426845807,21,1,4,0
2721,16,1,0,0,6.441611506325316,26,0,2,0
2722,17,1,0,3,11.571706971858994,25,0,3,1
2723,17,1,1,2,1.5018729161062794,16,0,2,1
2724,16,0,0,3,18.867145974197634,21,1,2,1
2725,16,0,3,3,7.3016734656880145,27,0,0,0
2726,16,0,0,2,18.251684358496462,18,1,2,1
2727,18,1,0,0,15.610436055140436,26,0,3,0
2728,15,1,2,2,15.108745450311623,15,0,2,0
2729,16,1,0,3,12.13439159564464,19,0,3,0
2730,16,0,1,2,12.535676341036892,24,1,2,0
2731,16,1,1,2,12.760064704324963,18,0,1,0
2732,17,1,3,1,12.574427740511641,0,1,3,1
2733,17,1,2,3,11.074564627967225,18,0,3,0
2734,18,0,1,2,19.728280369657778,6,1,1,0
2735,15,1,1,4,14.645811348513922,28,0,2,0
2736,18,0,3,1,15.538927767850424,22,0,2,0
2737,15,1,0,1,17.449256301673483,10,0,4,0
2738,17,0,0,1,4.312795254516983,4,0,3,1
2739,17,0,0,2,1.6760831819012156,29,0,1,1
2740,17,0,0,1,9.657888731971973,16,0,2,1
2741,18,1,1,0,10.281613912385463,10,0,3,1
2742,16,1,1,4,16.583635598998356,23,0,3,0
2743,16,0,1,0,8.875671585646714,25,0,3,1
2744,17,0,0,3,11.417060510886255,7,0,1,0
2745,16,1,2,1,10.541418770269166,9,0,3,0
2746,16,1,0,3,0.7640556751478211,11,0,3,0
2747,18,0,1,2,12.30429793193828,9,0,3,0
2748,15,1,1,3,16.560865715485043,12,0,2,0
2749,17,1,0,3,3.1500109615160765,25,1,3,0
2750,17,1,0,0,11.886634678531916,17,1,3,0
2751,18,1,0,0,11.872210888928286,9,0,3,1
2752,18,0,2,1,3.283699281127175,18,0,2,0
2753,16,1,3,2,2.4692714746147204,19,0,1,0
2754,17,1,1,3,19.601038859529694,16,0,2,1
2755,15,0,0,2,7.874383393060751,19,0,2,0
2756,18,0,0,2,4.548434574470585,15,0,2,1
2757,15,1,2,1,3.426490889087499,4,0,2,1
2758,15,1,2,3,13.352034271664701,2,0,2,0
2759,17,1,0,4,12.188905946545576,29,0,3,0
2760,17,1,0,1,12.871042459748349,26,0,1,0
2761,18,0,2,2,1.7601205502290451,14,0,2,0
2762,17,0,0,0,17.87069166996874,25,0,3,0
2763,17,0,0,2,7.785327936180966,1,0,2,0
2764,17,1,0,2,6.267388128607159,12,1,2,0
2765,15,1,1,1,9.247228944954784,21,1,2,0
2766,18,1,2,2,7.801321314952565,7,0,2,0
2767,16,1,3,1,17.27154006278292,22,0,1,1
2768,15,0,1,2,18.58521950395784,26,0,2,0
2769,17,0,1,2,6.069064328992124,29,0,4,1
2770,15,1,0,0,17.278716149199095,16,0,2,0
2771,17,0,1,2,15.630462590661342,3,0,0,1
2772,17,1,0,2,18.616153446895236,18,0,3,0
2773,15,1,1,1,4.915006243717757,21,0,2,0
2774,18,0,0,0,11.539183002419582,24,1,1,0
2775,17,1,0,2,5.490891694808893,8,1,3,0
2776,18,1,0,4,16.481889809687484,22,0,1,0
2777,16,0,0,1,0.10648381142128516,14,0,4,0
2778,17,1,0,1,11.296383257727921,27,0,2,0
2779,18,1,0,1,6.78406862543836,8,1,3,0
2780,18,0,3,2,6.453674141556405,23,1,2,0
2781,16,1,0,1,12.898126477298339,20,1,1,0
2782,18,0,1,1,17.02968898627988,8,0,3,0
2783,18,1,2,2,12.183907827866525,13,1,4,1
2784,16,0,3,2,17.06345957293445,22,0,3,0
2785,17,0,1,1,5.291942237620599,20,1,3,1
2786,18,0,2,2,10.390037095299622,15,1,4,0
2787,18,1,0,2,9.01073078134152,23,0,1,0
2788,18,0,0,0,0.23289799006192435,22,0,0,0
2789,15,0,0,0,11.136242862814802,24,1,0,0
2790,16,0,1,3,13.230486482923498,25,0,3,1
2791,15,0,1,0,11.8382880883814,16,0,3,0
2792,16,0,0,2,14.72559797566843,12,0,3,1
2793,17,1,0,3,11.426790569061541,8,0,4,0
2794,17,1,1,1,1.3350050970151384,14,0,3,0
2795,18,1,0,1,2.3289104816942285,6,0,2,0
2796,16,1,1,2,11.929491550879048,0,0,1,0
2797,17,1,1,3,5.499583839472804,0,0,4,0
2798,16,1,2,3,1.5929025806953168,4,0,1,0
2799,17,1,2,2,8.592054868970935,23,0,2,0
2800,15,0,2,0,11.086451961673108,8,0,2,1
2801,17,1,0,2,6.5749197669921315,11,0,1,0
2802,15,0,2,2,14.408674044515559,5,0,3,1
2803,17,0,1,2,12.875412162024894,27,1,1,0
2804,18,1,0,0,6.656367221833439,12,0,4,0
2805,15,0,0,1,15.097450578171212,25,1,2,1
2806,17,0,0,2,12.973900850660709,27,0,3,1
2807,18,0,0,2,12.748907574358041,7,1,3,0
2808,15,0,1,1,11.06855401574136,14,0,3,0
2809,18,1,2,1,0.2277933617710559,5,0,4,0
2810,16,1,0,3,13.930143669537783,26,0,1,1
2811,16,1,0,2,7.5208358221831295,5,0,0,0
2812,15,1,3,1,18.852194203173113,3,0,0,1
2813,17,1,0,1,16.359695421544107,10,0,3,0
2814,15,1,0,1,11.753889390626245,20,0,4,0
2815,18,1,1,3,5.043639636385389,29,1,2,1
2816,17,1,1,2,4.074347865553332,17,0,3,1
2817,16,1,0,2,6.8076967535509825,2,0,0,0
2818,17,1,0,2,9.531358871600371,2,0,1,1
2819,16,0,0,1,5.921310200778942,29,0,3,1
2820,17,1,1,3,10.298589907849657,11,1,0,1
2821,17,0,1,2,3.3074085102637185,26,1,2,1
2822,17,0,0,1,19.554256256509998,20,1,3,0
2823,18,0,1,1,2.1584910992998774,29,1,3,1
2824,18,0,2,2,18.63888279308744,20,0,2,1
2825,15,1,0,3,18.271560228053897,5,0,3,0
2826,15,0,0,1,10.50720963638996,20,0,2,0
2827,16,1,1,3,14.498205436721687,27,1,0,0
2828,18,1,0,2,8.720965959451757,5,1,3,1
2829,16,0,0,1,12.600691550848763,7,0,1,1
2830,15,1,1,0,6.811518748422374,14,0,0,0
2831,16,0,2,1,6.023180395708907,17,1,2,0
2832,15,0,2,2,11.564595723390275,19,0,3,0
2833,18,1,1,1,9.962593483679607,28,1,1,0
2834,17,1,2,1,11.59072738299962,15,0,0,0
2835,18,0,0,2,5.733211625740459,5,0,1,0
2836,16,1,1,2,7.339156636339905,27,0,2,1
2837,16,1,0,1,1.6779592125781861,20,0,2,0
2838,18,1,0,2,1.0455274454441144,16,0,1,1
2839,18,0,2,2,5.069142593460326,8,0,3,0
2840,15,0,1,2,1.4849371866109151,18,1,3,1
2841,16,1,0,3,2.075494172694814,17,0,3,0
2842,16,1,3,1,16.25856810787874,24,1,2,1
2843,18,1,0,3,0.777473940333786,22,0,2,0
2844,17,1,0,2,13.178855878694854,4,1,2,0
2845,16,1,0,2,5.45115497630801,27,0,2,0
2846,17,0,2,2,17.430913614162527,5,0,0,0
2847,18,1,2,2,9.69984569154999,11,0,3,1
2848,18,0,0,1,6.111529186556515,10,0,2,0
2849,15,1,1,2,10.352778713788691,15,1,1,1
2850,16,0,0,2,7.639160380905377,19,0,1,0
2851,17,1,2,2,11.286021293396605,16,0,1,1
2852,15,0,0,1,2.2906573665269647,19,1,4,0
2853,16,1,0,3,19.939810056251023,8,0,1,0
2854,15,0,3,2,8.511117553934351,0,1,3,0
2855,18,0,0,0,6.964612794147373,25,0,2,1
2856,16,0,0,2,14.204196966325298,2,1,3,0
2857,15,0,1,2,7.27798812990665,20,0,2,0
2858,15,0,3,2,16.66548610057515,22,1,4,0
2859,17,0,0,2,9.085414487208505,8,0,1,0
2860,15,1,0,3,14.391168265308698,21,0,2,0
2861,16,0,0,1,2.149064328837731,18,0,1,0
2862,16,1,1,2,16.922383711102235,12,0,2,1
2863,17,1,0,3,14.714359735562198,22,0,2,1
2864,16,1,1,3,4.234335569239313,13,0,3,1
2865,18,1,3,2,2.905720194915733,19,0,2,0
2866,16,1,0,3,6.325846974512488,18,1,0,0
2867,16,0,0,0,19.521411720638085,29,0,3,1
2868,15,0,0,3,5.136631491341173,22,1,2,0
2869,15,0,0,1,9.122544178932666,26,0,1,0
2870,16,1,2,1,0.6004045143467263,26,0,4,1
2871,17,0,0,1,7.944550591324651,6,1,4,0
2872,15,0,0,2,11.426400308662055,3,1,3,0
2873,17,0,1,1,19.062492250159302,11,0,3,0
2874,16,0,0,1,10.334720898801288,22,0,0,0
2875,16,0,1,1,16.382146523553757,26,0,4,0
2876,18,1,0,1,10.94255285137801,13,0,2,0
2877,15,0,2,2,0.815700268710362,1,0,1,0
2878,16,1,3,2,6.300165503795481,0,0,3,1
2879,18,1,1,1,11.510990156622064,27,0,1,0
2880,15,1,3,2,19.011879318622487,17,0,2,1
2881,16,1,0,3,17.182607195024666,19,1,1,0
2882,16,1,0,2,4.567112283576953,7,1,2,1
2883,15,0,1,1,4.40219660038327,2,0,2,1
2884,15,0,1,2,4.023459342278015,25,0,2,1
2885,15,0,0,1,18.449977926050064,5,0,0,1
2886,16,1,0,1,17.053323062034412,21,1,2,0
2887,16,0,0,1,15.497668645058976,12,0,2,0
2888,18,0,0,3,7.854702284484551,8,0,1,0
2889,17,1,0,1,10.087614085975336,8,0,4,0
2890,15,1,2,0,9.286634895903056,19,0,2,0
2891,16,1,0,1,5.067962151187453,8,0,3,0
2892,16,1,0,3,10.100560922975339,14,1,1,0
2893,15,0,1,2,0.6099309570550893,12,0,2,1
2894,17,1,1,1,2.6362074699491833,21,0,1,1
2895,15,1,2,2,17.73179192337893,15,0,2,0
2896,17,0,1,2,15.033595340628466,1,0,1,0
2897,16,0,0,2,8.457368181181742,25,0,2,1
2898,17,1,2,1,10.343007245677544,13,0,2,0
2899,18,0,1,3,7.399977719199549,26,0,1,0
2900,16,1,0,1,14.81559734321345,5,1,3,0
2901,18,1,1,2,15.683743584641592,1,1,4,0
2902,15,0,3,0,15.265703804063183,7,0,1,0
2903,15,0,0,1,14.452234496688991,3,1,3,1
2904,15,1,0,1,4.090086773855917,20,1,3,0
2905,17,1,0,2,6.759399584809575,23,0,2,0
2906,16,1,0,0,9.3969086996735,13,0,3,1
2907,15,0,0,2,6.615859828553113,10,0,4,1
2908,15,1,1,1,15.09880400316658,23,0,2,0
2909,16,1,0,2,6.587070484999094,27,1,3,1
2910,15,1,3,3,2.764641735706743,13,0,3,1
2911,18,1,2,2,7.980809040966081,11,0,2,1
2912,16,1,1,2,19.598288655647607,15,0,2,1
2913,16,0,2,2,4.517628258671518,5,0,4,1
2914,16,1,0,1,12.24317317886458,19,0,3,0
2915,18,1,0,3,8.659460996794126,0,0,1,1
2916,16,1,1,1,1.4204913529865326,11,0,1,1
2917,18,1,2,2,9.75753211996119,6,1,4,0
2918,16,0,2,2,14.043286572966249,7,1,0,0
2919,17,0,0,1,10.264399516556376,8,1,3,1
2920,15,0,3,1,17.442121274931623,1,1,1,1
2921,17,1,0,2,5.778740333151653,16,1,0,0
2922,15,1,2,3,1.7249834260792984,19,0,0,0
2923,18,0,3,3,18.73131223316012,12,0,2,1
2924,17,0,0,2,7.56392699056438,4,0,0,0
2925,16,0,2,2,11.528111029072667,9,0,2,0
2926,15,1,0,3,15.840062522603919,11,0,3,0
2927,15,1,0,0,6.486273277511612,16,1,2,0
2928,17,0,1,1,14.323290763552222,20,0,3,1
2929,18,0,1,2,2.7083769963565607,5,0,2,0
2930,17,0,3,3,5.825874944110105,2,0,2,0
2931,18,1,1,3,2.894212722730398,27,0,2,0
2932,18,1,0,2,16.224611168027156,14,1,2,0
2933,15,1,2,0,4.452984704535707,6,0,4,1
2934,17,0,3,2,14.348071108104206,29,0,3,0
2935,17,0,0,1,18.865967944913052,5,0,2,0
2936,18,1,3,1,10.55544418137754,3,1,3,0
2937,17,0,0,2,10.800583845213755,18,0,2,0
2938,16,1,2,0,9.22067136195624,4,0,1,1
2939,16,0,0,3,6.517802867872855,2,1,2,0
2940,17,0,0,2,9.513100618498342,25,0,3,1
2941,17,0,0,2,12.056150645335189,24,0,2,0
2942,18,0,1,0,19.719831443413188,8,0,3,0
2943,16,1,0,1,18.755291186364484,5,1,2,1
2944,16,0,0,0,17.243059165862434,12,0,2,1
2945,15,1,1,4,17.782610714097167,26,0,4,1
2946,18,1,3,3,9.35698366584086,21,0,2,0
2947,15,1,0,2,13.148886543549295,27,0,3,0
2948,16,0,0,1,17.901334458724282,29,0,3,1
2949,18,1,0,3,7.859015299827061,19,0,4,0
2950,17,1,0,1,19.235249566909374,3,0,0,1
2951,18,1,2,1,8.31572124138366,1,0,1,1
2952,17,0,2,2,12.021653307864312,25,0,3,1
2953,17,0,1,3,14.196094265447439,3,0,2,1
2954,18,1,0,0,19.011840261518767,7,0,2,0
2955,17,0,2,1,4.8923254810453205,12,0,1,1
2956,15,1,1,3,14.922619564772845,9,0,1,0
2957,16,1,2,1,10.416311722881645,17,1,2,0
2958,17,0,1,1,5.371142812412821,8,0,1,0
2959,15,1,2,2,15.532136795927812,29,0,1,0
2960,17,0,1,3,11.04444560347693,0,0,0,1
2961,16,0,0,2,13.219476412993515,12,0,1,1
2962,15,1,3,4,6.45802137155802,17,1,3,0
2963,16,0,1,2,9.6254790365521,14,0,3,0
2964,16,0,1,0,12.34708501976134,1,0,0,1
2965,15,1,0,4,8.09821628539688,10,0,1,1
2966,15,1,1,2,3.9674507969540262,28,0,2,1
2967,15,0,1,1,19.23280984630608,13,0,2,1
2968,18,0,0,2,10.229350800852348,21,0,3,1
2969,15,1,0,1,14.67840740575401,14,1,3,0
2970,15,0,1,0,8.220943871121163,13,1,3,1
2971,15,0,2,0,7.102635280514327,15,0,2,1
2972,15,0,1,2,8.1432859693425,22,0,2,1
2973,17,0,0,3,8.183932875712996,28,1,3,0
2974,18,0,1,2,10.883602318839072,14,0,0,1
2975,16,0,0,4,10.869397399627264,18,0,0,0
2976,15,0,0,1,9.943076317657432,26,1,0,0
2977,17,1,0,1,2.695715698348762,8,0,2,1
2978,17,1,0,1,9.921509570010622,4,0,1,0
2979,17,1,0,1,3.3820780084130297,4,0,1,0
2980,16,1,0,1,2.5227157259153032,10,0,3,1
2981,15,1,0,2,18.652914346823355,27,1,4,1
2982,18,0,0,3,12.099000262954085,19,0,1,1
2983,18,0,1,4,13.189801162491685,24,1,2,0
2984,17,0,0,1,8.035873406667275,23,0,1,1
2985,16,0,0,3,18.179617838297283,27,0,4,0
2986,16,1,2,1,12.75860979159331,3,0,1,1
2987,16,0,0,1,15.38339739047175,19,0,3,0
2988,18,0,1,3,7.371249380554277,17,0,1,1
2989,17,1,0,2,19.20023761638251,24,0,3,0
2990,15,0,0,1,16.4092258031663,2,1,1,1
2991,18,0,1,2,17.078969260290872,3,1,1,0
2992,17,1,1,1,3.4438853485150855,13,0,1,1
2993,17,0,2,2,5.41926415742439,6,0,1,0
2994,15,0,1,2,5.712531993671542,25,1,3,1
2995,15,0,3,4,5.418184464937424,7,0,3,0
2996,15,0,0,0,17.10816324208576,23,0,2,0
2997,16,0,0,1,0.6376959041718422,15,1,4,1
2998,15,1,0,2,1.521999779615486,19,0,2,1
2999,17,1,0,2,5.478297412598074,14,0,4,0
3000,15,1,1,1,3.997459492988873,6,0,1,0
3001,17,1,1,2,4.637192277656967,25,0,4,1
3002,18,1,0,3,15.958863785066,16,0,0,1
3003,16,1,3,3,11.262531877840939,21,0,2,0
3004,18,0,2,3,0.11541322585935987,21,1,2,1
3005,18,1,0,3,8.586455314083905,21,0,2,1
3006,17,1,0,2,8.157698537007178,11,0,2,0
3007,18,0,0,3,2.2789053888908706,17,0,2,0
3008,17,0,0,1,13.522835772029143,23,1,4,1
3009,15,1,0,1,14.04194376758982,13,1,4,1
3010,15,0,1,1,14.417864381041953,14,1,4,1
3011,17,1,0,2,14.56941891117184,14,0,4,0
3012,15,0,0,1,0.0010565386459360226,4,1,3,0
3013,16,1,3,4,19.078416076934445,15,0,4,0
3014,18,0,1,1,16.28417534109326,4,0,3,1
3015,16,0,3,0,18.079633931785708,1,0,2,0
3016,18,1,0,2,0.3128659061486827,19,0,3,0
3017,15,1,0,0,18.677175915714788,27,1,4,0
3018,16,1,1,1,16.195770573762093,24,0,3,0
3019,15,1,0,1,16.74438285917397,8,0,2,0
3020,18,1,0,2,1.8657476944393703,21,0,0,0
3021,17,0,1,2,14.775560578371953,26,0,3,1
3022,17,1,1,2,19.19833379284182,8,0,4,0
3023,16,1,0,2,13.570946828363212,3,0,2,0
3024,15,0,0,2,11.411228092492129,14,0,1,0
3025,15,0,0,1,18.91259355497994,10,0,2,0
3026,16,1,0,1,8.85874243468872,0,1,2,0
3027,17,0,0,2,11.985871326209574,17,1,2,0
3028,18,0,0,0,9.526765869887324,28,1,3,0
3029,16,1,0,0,18.656924427205983,0,1,4,1
3030,18,0,3,2,1.5216945353101452,7,0,3,0
3031,17,0,1,2,10.022394016506963,24,1,2,0
3032,15,1,2,1,13.739048827708766,15,0,4,1
3033,17,1,0,1,15.838130768444739,25,1,2,0
3034,16,0,0,3,11.660372948882728,27,0,1,1
3035,15,0,0,3,18.17835488242908,21,1,2,0
3036,16,1,0,2,18.839828937677435,17,0,3,0
3037,16,0,0,2,1.2863844638716704,21,0,3,0
3038,17,0,2,2,8.047410790827488,8,0,4,1
3039,16,0,1,4,0.46918043442308877,11,0,2,0
3040,17,1,1,4,6.588333147488859,18,1,1,0
3041,15,0,0,1,10.737364359412043,24,0,0,0
3042,17,0,3,3,18.215898610198977,17,0,3,0
3043,15,1,0,1,16.931086449308058,26,1,3,1
3044,17,0,0,1,2.5499945334397145,4,0,2,0
3045,18,0,0,2,1.860607494817914,26,0,2,1
3046,18,1,2,2,11.785346775133341,1,0,4,0
3047,16,1,3,3,10.642359449175654,6,0,4,1
3048,17,1,0,0,5.327552828600477,26,1,1,0
3049,17,1,2,2,17.989061691076703,9,1,3,1
3050,15,0,2,3,18.54732818923107,14,1,3,0
3051,16,0,0,3,8.052228766803253,24,0,1,1
3052,17,1,0,1,17.806051142270405,6,0,2,1
3053,16,1,0,1,7.678977885259453,27,0,1,0
3054,18,0,3,2,14.736336636594004,4,1,1,1
3055,17,1,0,1,9.518844350954483,14,0,3,1
3056,17,0,2,4,2.4516631301436598,19,0,2,1
3057,16,1,0,3,18.55868402474043,27,0,2,0
3058,17,0,2,1,9.081931867550733,19,0,2,0
3059,16,1,0,1,14.689740806448073,14,1,0,1
3060,17,1,1,0,7.343476288625843,9,0,3,0
3061,15,0,2,3,0.3776175715246932,23,0,2,0
3062,16,1,2,1,2.010607173836718,25,0,2,1
3063,17,0,2,2,9.924389589798487,28,1,4,0
3064,18,0,0,2,13.799287142527248,25,0,2,0
3065,17,0,1,2,6.694706531585581,13,0,3,0
3066,18,0,0,0,13.909769183553006,25,0,2,1
3067,18,0,0,1,13.97271178863912,25,0,3,1
3068,15,1,1,3,14.078718146556618,9,1,3,1
3069,16,1,0,3,9.850437080410169,16,0,1,1
3070,17,0,1,2,18.29772300243008,20,1,3,0
3071,15,1,3,0,9.783930359612311,13,0,0,0
3072,17,0,0,1,9.005303869932764,1,1,4,0
3073,18,1,1,2,3.9876163802125397,15,1,2,0
3074,16,1,0,1,6.15310174712673,12,0,3,0
3075,17,1,0,3,0.8466898503660669,26,0,2,1
3076,17,1,0,2,12.670705872323405,8,0,3,1
3077,18,0,3,0,4.970714878541857,6,0,4,0
3078,17,0,2,3,6.083105089709302,15,0,3,1
3079,17,1,3,4,15.416290433286424,9,0,1,1
3080,18,1,3,0,6.544423663229077,23,1,2,1
3081,15,0,0,2,4.8439178402628436,21,0,2,0
3082,18,1,0,1,3.381154982674115,8,1,2,0
3083,15,0,1,1,15.497168043639117,21,0,2,0
3084,16,0,0,1,2.5941251598005377,22,0,2,0
3085,15,0,0,2,9.07507520500707,6,1,2,0
3086,15,1,0,4,10.138602321543889,15,0,1,1
3087,16,0,1,2,13.747798253714292,8,0,2,0
3088,15,1,1,0,12.665669646659909,26,1,1,0
3089,18,0,0,2,16.214413458903497,23,1,1,0
3090,15,1,0,1,0.895028678524763,28,0,3,1
3091,16,1,1,3,5.928814495587944,16,0,0,0
3092,18,1,1,2,5.6026823755075945,19,0,2,0
3093,16,0,0,1,2.9203381118421645,6,0,2,1
3094,16,0,2,1,5.783565077128863,10,0,2,0
3095,17,1,0,2,6.195306282858068,7,0,3,1
3096,17,1,0,1,10.437689238549567,6,0,2,0
3097,16,1,2,2,13.274089578525121,27,1,1,0
3098,16,0,1,1,7.622010272236281,18,1,3,0
3099,16,0,0,1,14.389404626267623,19,0,4,1
3100,17,0,1,2,6.7233067715915995,11,0,0,1
3101,17,0,1,3,5.805673546295207,6,0,2,0
3102,15,1,2,3,10.823761117140487,7,0,2,0
3103,15,1,2,1,0.47432720611581214,6,0,1,0
3104,16,0,1,1,1.5957824726800074,5,0,2,1
3105,18,0,0,1,8.359390871730541,24,0,3,0
3106,18,1,0,2,18.85825422783513,8,1,1,0
3107,17,0,0,2,14.430235596868473,26,1,4,0
3108,17,0,0,3,1.762531390011155,12,1,2,0
3109,17,0,1,3,16.926360255617475,6,0,2,1
3110,16,0,1,1,14.64601541216362,7,0,3,1
3111,18,0,0,2,12.218930514053064,21,0,0,0
3112,15,0,0,3,16.405859212183547,16,1,2,0
3113,16,1,0,3,8.082196954859143,16,0,2,0
3114,15,0,0,0,4.430021017077054,15,0,2,0
3115,15,0,2,1,10.240467782175187,21,0,2,1
3116,16,1,0,2,10.976835111869477,1,0,0,0
3117,15,1,1,1,10.766527440198242,29,0,1,0
3118,18,1,3,1,11.301475829602106,7,0,1,0
3119,15,0,0,0,18.974098364783615,16,0,4,1
3120,18,1,0,2,18.04491246192463,12,0,0,0
3121,18,0,0,1,17.514340731178788,17,0,1,1
3122,18,0,1,0,16.028336218172544,23,0,4,1
3123,17,0,1,1,18.868562145305706,27,1,3,1
3124,15,1,0,3,1.969892833588065,21,0,2,1
3125,16,1,1,3,5.30246522891479,27,0,0,0
3126,16,1,2,2,9.901118913091697,9,0,3,0
3127,15,1,0,2,16.930689862468103,1,1,1,1
3128,17,1,0,4,10.10331423045465,1,0,3,1
3129,17,0,2,1,14.960694786831773,26,0,4,1
3130,18,0,1,1,2.7791981049783243,13,0,2,1
3131,15,0,2,1,5.048276259531203,15,0,1,0
3132,15,0,1,1,14.635521900753448,6,0,3,0
3133,16,1,2,1,3.294680177754481,20,0,2,1
3134,15,1,0,3,7.027118693098535,20,1,2,1
3135,17,0,2,2,5.2973251562714285,23,1,2,0
3136,15,1,3,2,6.997233884449569,11,1,3,0
3137,16,1,1,3,14.166480981559406,27,0,2,0
3138,18,0,0,0,7.35694362285602,22,1,4,0
3139,16,0,0,1,11.105266452158805,27,0,3,0
3140,16,1,0,2,1.998637541088193,13,0,1,1
3141,18,1,0,2,16.100353864692558,24,1,3,0
3142,16,0,0,0,7.397772512962497,3,0,1,1
3143,16,0,1,2,12.97068318066685,25,0,3,1
3144,15,0,1,2,14.507792033236653,3,0,1,1
3145,15,1,0,2,4.1932184422340075,17,0,2,1
3146,18,0,1,2,17.693499699066997,2,1,3,0
3147,15,0,0,1,12.324485032139059,0,0,1,1
3148,15,1,0,0,8.57450283502963,16,0,3,0
3149,16,1,0,2,3.646703671564391,6,0,3,1
3150,17,1,1,1,18.846018758024133,29,1,2,0
3151,15,1,0,3,15.101364082632502,15,0,2,1
3152,17,1,0,2,4.1604912546649775,29,0,4,0
3153,15,0,0,1,6.75421549448449,4,1,1,0
3154,15,0,2,2,16.193485161761465,18,0,3,0
3155,18,1,0,2,13.91355326430678,6,0,3,1
3156,18,1,1,1,15.315685854314488,13,1,4,0
3157,18,1,1,3,8.824022044258648,1,0,3,0
3158,17,1,2,3,14.329525252843338,2,1,2,1
3159,16,1,3,2,7.7298744572782745,16,0,4,0
3160,15,0,0,0,4.225258338763929,15,1,3,0
3161,15,0,0,2,12.6535406968272,7,1,3,0
3162,15,0,2,2,19.520278511975885,17,0,0,0
3163,17,0,0,1,6.212019427906592,14,0,2,1
3164,18,1,1,1,9.219391844250794,6,1,3,0
3165,16,0,1,3,13.480027421397072,26,0,2,1
3166,17,1,1,0,10.830125642449758,8,0,2,0
3167,18,1,3,2,16.868555914180984,5,0,1,1
3168,17,1,3,2,15.234854129390317,17,1,2,1
3169,16,0,2,2,1.1659440772471408,17,1,1,1
3170,18,1,0,0,19.96842467847548,24,0,1,0
3171,17,0,2,3,15.048049074389345,25,0,2,0
3172,16,0,0,1,17.278066325882264,23,1,3,0
3173,15,1,0,2,13.023954241906928,13,1,2,1
3174,16,1,2,2,17.125702560935245,13,0,1,0
3175,15,1,0,2,2.2476594985741882,13,1,1,1
3176,17,0,0,4,6.954756711186311,24,1,2,0
3177,18,1,0,2,17.528418872089855,3,0,3,0
3178,18,0,2,1,4.033104225337844,3,1,3,0
3179,17,1,1,4,1.5648419716004547,14,0,1,0
3180,18,1,1,2,15.762378798904379,14,0,2,1
3181,18,0,0,1,16.709723112865923,17,0,3,0
3182,15,0,2,1,3.253044363798012,13,1,1,0
3183,17,0,2,3,17.08691965565431,25,1,2,0
3184,16,0,0,1,13.735355911943392,0,0,2,1
3185,15,0,0,2,10.401653664331679,9,0,1,0
3186,17,0,0,2,16.6050038556277,28,0,0,0
3187,15,1,3,1,8.384984986379315,19,1,2,1
3188,16,1,1,2,3.8798791244679443,9,1,0,0
3189,16,0,3,0,5.697053532212273,9,0,1,0
3190,17,1,0,2,10.103280365866297,26,0,2,0
3191,16,0,2,2,10.626615853463514,23,0,0,1
3192,15,1,2,2,16.111616528824673,1,0,2,1
3193,16,1,1,2,15.827054473046688,28,0,1,1
3194,15,0,3,3,11.627331144091498,27,1,2,1
3195,15,0,0,2,15.615709667309527,26,0,3,1
3196,16,0,0,0,3.8354691658734197,7,0,3,0
3197,17,1,1,1,1.0012905418658868,0,0,2,0
3198,18,0,2,2,17.472676452694003,0,0,0,0
3199,16,1,1,3,1.5110898752553914,3,0,3,0
3200,15,0,0,3,4.933768594879946,6,0,1,1
3201,15,1,1,3,13.906378992487692,8,0,0,1
3202,16,1,0,1,8.188958752546183,15,1,3,0
3203,17,0,0,2,17.526279398310177,4,0,4,0
3204,17,1,1,2,5.959595893245391,1,1,2,1
3205,15,1,2,1,0.2374269333871859,27,0,0,0
3206,15,0,0,0,6.013112811214882,22,0,3,0
3207,17,1,0,3,11.561500983696632,10,0,0,1
3208,18,0,0,1,7.518767508065867,17,1,3,0
3209,16,0,0,1,10.697455115175105,24,0,2,1
3210,15,0,2,0,17.531962376700374,24,0,2,1
3211,15,0,3,3,18.24970108460737,18,1,2,0
3212,17,1,0,2,5.319481293082243,12,0,4,0
3213,16,1,2,2,9.242809465398015,23,1,3,1
3214,17,1,2,3,10.982880304829024,10,0,2,0
3215,16,0,2,1,18.982249137764942,19,0,3,0
3216,16,1,0,2,19.972346383287693,18,0,2,1
3217,16,1,3,0,4.708144976830533,16,1,3,0
3218,15,0,0,1,14.539597426916309,4,0,3,0
3219,18,0,0,3,7.560621244663903,12,0,0,0
3220,17,1,0,2,0.16216393772426452,29,0,2,0
3221,18,0,0,1,0.1850504487180471,26,0,4,0
3222,17,0,0,1,9.211320151245115,19,1,4,0
3223,16,0,0,2,9.766698260086692,0,0,0,0
3224,15,0,0,0,0.4513939314688531,9,0,1,0
3225,18,1,2,1,13.73854833548605,7,0,4,1
3226,15,0,2,1,5.880067771899062,23,0,2,1
3227,17,0,0,1,11.197862030718987,28,0,2,0
3228,15,0,2,3,6.018381463308375,7,0,1,0
3229,15,0,2,1,3.3426862973861438,18,1,3,1
3230,18,0,2,1,8.143474771977505,5,1,1,1
3231,16,0,0,2,4.645467295810015,11,0,1,1
3232,15,0,1,3,10.69601953838336,27,1,1,1
3233,16,0,3,1,3.976570605729599,6,0,4,0
3234,17,1,1,0,10.168119532892542,15,0,3,0
3235,15,0,0,1,3.147570297377351,8,0,3,1
3236,18,1,1,2,13.4194941897157,20,0,2,1
3237,17,0,1,2,15.078753688828481,24,0,4,0
3238,17,0,1,3,2.2078846849986755,21,1,3,0
3239,18,0,0,4,9.356048240746784,9,1,3,0
3240,15,0,0,2,1.4174340130974716,9,0,4,0
3241,15,1,2,2,11.963648910840048,9,0,2,0
3242,17,0,2,2,5.288085958592907,19,1,3,1
3243,15,0,0,0,10.552489136774156,28,0,4,1
3244,16,1,3,4,10.349220187685823,15,0,3,1
3245,18,1,0,1,18.487086923876006,0,0,2,1
3246,16,0,1,1,10.981664451374458,16,0,0,0
3247,15,1,2,2,11.659969594366313,29,0,3,1
3248,17,1,2,1,8.033062515287606,25,1,2,1
3249,18,1,3,2,18.981592063656336,20,1,1,0
3250,15,0,0,2,15.543718188792193,28,0,3,1
3251,15,0,2,2,5.708105806056832,13,1,2,0
3252,17,0,0,3,16.88419171552464,18,0,2,1
3253,17,1,2,1,8.6479272037018,20,0,3,0
3254,16,0,2,2,16.57334287067188,20,1,2,0
3255,18,1,1,2,16.45776136587004,16,0,0,0
3256,18,0,0,2,3.7774037352570877,13,0,2,0
3257,17,0,2,2,14.022822627671538,7,0,0,0
3258,16,1,0,1,5.812859386130622,20,1,1,0
3259,18,0,0,2,5.949853399853364,20,1,0,0
3260,17,1,2,1,5.926961537611614,8,1,1,0
3261,15,1,0,3,14.511364951198964,7,0,2,0
3262,18,0,2,1,4.596520835850722,12,1,2,1
3263,16,1,0,2,0.018116704921804505,16,0,4,1
3264,16,0,0,0,14.304737069652662,18,1,2,1
3265,16,0,2,1,3.4236948767025055,27,0,3,1
3266,15,1,1,2,2.089647906156693,6,0,2,0
3267,18,0,0,3,4.750322411881203,16,0,3,0
3268,18,1,2,2,7.598010446454079,0,1,3,0
3269,15,0,1,3,9.518126549464014,4,1,2,1
3270,18,0,1,2,0.8914008142526164,24,0,1,1
3271,15,0,0,2,19.411466652547208,5,0,2,0
3272,15,0,2,1,14.321261068391163,25,1,3,0
3273,15,0,2,3,6.463881306486723,1,0,2,1
3274,16,1,2,1,6.373945145707946,26,1,3,0
3275,18,1,0,3,8.970850987369188,24,1,1,0
3276,15,1,2,3,12.52489645526066,15,0,0,1
3277,18,1,1,3,2.927461331779355,21,0,2,0
3278,16,1,1,2,3.7785962752990465,4,0,3,1
3279,15,1,0,2,17.18869165667102,4,0,2,0
3280,17,0,2,2,5.125098477781451,11,0,3,1
3281,16,0,2,1,7.603899959503551,2,1,1,1
3282,17,1,0,2,17.42543701900234,29,0,2,0
3283,18,1,0,0,13.26295658799645,15,0,3,1
3284,18,0,2,2,6.834237586833767,5,0,3,1
3285,16,0,0,1,13.673990914492416,14,0,1,1
3286,18,0,3,1,0.3936643076282742,14,1,2,0
3287,17,1,1,1,14.712853200227304,28,0,3,0
3288,15,1,1,2,9.74032081032479,15,0,0,0
3289,15,1,0,2,16.263642945689224,19,1,3,1
3290,15,0,0,0,19.092753040129367,12,0,2,1
3291,16,0,3,2,18.515770989891365,11,0,1,0
3292,18,1,0,1,18.185300869106815,9,0,3,0
3293,17,1,2,2,10.243399118677743,13,1,1,1
3294,18,0,0,2,7.202842282778761,1,0,4,0
3295,18,0,0,2,9.300706494613456,28,1,3,0
3296,18,0,0,2,13.797920066267215,2,1,3,0
3297,15,0,1,1,17.679955537423734,8,0,0,0
3298,17,1,3,2,4.139726060002391,10,0,4,1
3299,17,0,0,2,18.36386316923406,10,0,3,0
3300,18,0,0,2,16.303604639397783,24,0,1,0
3301,15,0,0,2,19.57712030356469,21,1,2,1
3302,15,1,1,0,17.605035465633744,9,0,1,0
3303,17,1,0,2,5.598746593838133,25,0,4,0
3304,15,0,2,2,2.119118226880954,13,1,3,1
3305,15,0,1,1,2.2448214398317723,8,0,4,1
3306,15,0,1,0,5.8244663715655225,19,0,3,0
3307,16,1,0,0,12.283674479690784,26,0,2,0
3308,18,1,3,3,16.086406521943452,20,0,1,0
3309,17,1,0,2,17.985006139631295,9,1,1,1
3310,17,0,0,1,12.475067687384655,21,0,1,0
3311,16,1,1,1,0.11262625496107459,28,0,2,0
3312,18,0,1,2,3.7263355303706702,8,0,4,0
3313,17,0,0,3,1.994524077067359,28,0,4,1
3314,15,0,0,0,7.2664895113802,4,0,1,0
3315,17,1,2,1,10.027019872674918,7,0,3,0
3316,15,0,0,3,0.8679435715712169,10,1,2,0
3317,16,1,2,0,6.969559515913106,0,1,2,0
3318,15,1,1,1,3.5835934925064516,20,0,3,1
3319,17,0,0,4,12.941403325177479,9,0,2,1
3320,17,0,0,2,9.285447386486801,0,0,4,1
3321,17,1,0,1,9.906352938678175,25,0,3,1
3322,16,0,2,0,8.553835760669221,29,0,3,0
3323,16,1,1,0,19.12039420973134,21,0,1,1
3324,18,0,0,1,4.294702502431265,6,0,1,0
3325,17,1,1,3,10.333285196877487,27,0,2,0
3326,15,1,3,2,14.720347367306719,13,1,3,1
3327,16,1,0,2,11.13688826269125,4,0,4,1
3328,17,1,3,3,18.580417714336022,16,1,2,1
3329,17,0,0,2,7.559367112825683,21,0,3,1
3330,16,0,0,1,9.273516115463561,25,0,2,1
3331,18,1,0,2,1.7704463042945684,20,1,1,0
3332,16,1,0,3,12.17998222103857,5,0,3,1
3333,16,0,0,3,5.764239368962121,15,1,3,1
3334,15,0,0,0,3.206180790311377,10,0,1,1
3335,15,0,3,2,10.89062585809016,9,0,2,1
3336,18,0,2,2,10.646205267598212,14,0,2,0
3337,17,0,2,3,1.517432824480951,6,0,1,1
3338,16,0,0,1,13.964309069889456,22,1,4,0
3339,18,1,0,2,12.475443813017058,1,1,2,1
3340,15,0,0,3,3.780345654929944,11,1,1,0
3341,16,0,2,2,9.388697243080877,18,0,1,0
3342,17,1,3,2,14.4064583295712,11,0,4,0
3343,15,0,0,0,10.58871481082553,15,0,3,0
3344,15,0,0,1,7.909781523671404,5,0,3,0
3345,15,0,1,1,6.446769161618873,2,1,0,0
3346,18,0,0,3,12.207877332881072,1,0,3,0
3347,17,0,0,1,18.782173966204812,19,0,2,0
3348,16,1,1,2,13.434896809549668,4,0,3,0
3349,18,0,2,2,1.49491807272631,10,1,4,0
3350,18,1,0,1,9.213699469642675,25,1,1,1
3351,18,1,0,2,17.81648263021255,24,0,2,0
3352,15,0,3,2,1.8892485160217376,2,0,0,0
3353,17,1,0,3,19.77751424275087,2,0,2,0
3354,18,0,0,2,18.981387872908428,21,0,1,0
3355,16,1,0,2,1.5654896145975172,4,1,4,1
3356,17,1,0,1,18.668266408991098,21,0,2,0
3357,16,0,0,3,7.262651805189244,22,0,3,0
3358,17,0,2,1,16.89418334151725,10,0,3,0
3359,16,0,0,2,8.36766675426543,2,0,4,1
3360,15,0,0,1,8.817102254050317,12,1,2,1
3361,18,0,1,3,12.684861819550852,20,0,2,0
3362,16,1,1,2,15.489548385519667,7,0,0,0
3363,17,1,2,2,0.6757830189649727,19,1,0,0
3364,18,1,2,1,11.863119910542686,9,0,3,1
3365,18,1,0,2,3.7346598819474197,1,1,0,0
3366,17,1,2,2,6.918990357264059,3,0,2,0
3367,16,1,0,2,6.95937332310433,17,0,0,0
3368,15,1,3,1,9.381206804423073,18,0,3,0
3369,15,0,0,4,6.682728237523468,3,0,2,0
3370,16,0,3,3,2.147222369013355,19,0,1,0
3371,18,1,2,1,2.912574770509029,25,0,1,0
3372,18,1,0,3,0.6687597112219534,8,0,2,0
3373,18,0,1,2,9.404981706575086,15,0,3,0
3374,18,0,3,2,19.08895389705977,25,0,2,0
3375,16,0,2,1,2.313504472962331,5,1,3,1
3376,18,0,0,2,18.92528986006164,24,0,1,1
3377,17,1,2,2,14.667230294641872,3,0,0,1
3378,18,0,0,2,12.749976058683263,8,1,0,1
3379,15,1,0,2,12.905555106471258,26,0,2,0
3380,18,1,0,2,16.53455296792564,12,0,3,0
3381,16,1,0,2,2.1383972875964274,8,0,1,1
3382,15,0,2,0,10.095086471310834,5,0,3,0
3383,16,0,0,3,13.941822765215171,20,0,2,0
3384,16,1,2,2,11.736408901471274,18,1,4,0
3385,15,1,0,1,16.655581420465893,13,1,3,0
3386,16,1,0,1,1.4454341802270299,20,0,3,1
3387,16,0,0,2,13.814020789983319,14,0,2,0
3388,18,1,0,3,10.680554607694354,2,0,4,1
3389,17,0,0,1,7.583217279598868,4,1,4,0
3390,16,1,0,2,6.8054996446806175,20,0,2,0
3391,16,1,1,0,12.416652655483858,17,0,2,0
3392,16,1,0,2,17.819907492885296,13,0,2,0
